0,The toddler disciplined the mother.,The traitor pardoned the president.,The worker fired the boss.,The giraffe fed the zookeeper.,The newborn adopted the roommate.,The toddler disciplined the mother.,The traitor pardoned the president.,The worker fired the boss.,The giraffe fed the zookeeper.,The newborn adopted the roommate.,The toddler disciplined the mother.,The traitor pardoned the president.,The worker fired the boss.,The giraffe fed the zookeeper.,The newborn adopted the roommate.,The toddler disciplined the mother.,The traitor pardoned the president.,The worker fired the boss.,The giraffe fed the zookeeper.,The newborn adopted the roommate.,The toddler disciplined the mother.,The traitor pardoned the president.,The worker fired the boss.,The giraffe fed the zookeeper.,The newborn adopted the roommate.,The toddler disciplined the mother.,The traitor pardoned the president.,The worker fired the boss.,The giraffe fed the zookeeper.,The newborn adopted the roommate.,The toddler disciplined the mother.,The traitor pardoned the president.,The worker fired the boss.,The giraffe fed the zookeeper.,The newborn adopted the roommate.,The toddler disciplined the mother.,The traitor pardoned the president.,The worker fired the boss.,The giraffe fed the zookeeper.,The newborn adopted the roommate.,The toddler disciplined the mother.,The traitor pardoned the president.,The worker fired the boss.,The giraffe fed the zookeeper.,The newborn adopted the roommate.,The toddler disciplined the mother.,The traitor pardoned the president.,The worker fired the boss.,The giraffe fed the zookeeper.,The newborn adopted the roommate.
1,The diplomat drove the chauffeur.,The traitor pardoned the president.,The tenant evicted the owner.,The giraffe fed the zookeeper.,The newborn adopted the roommate.,The diplomat drove the chauffeur.,The giraffe fed the zookeeper.,The traitor pardoned the president.,The newborn adopted the roommate.,The tenant evicted the owner.,The diplomat drove the chauffeur.,The tenant evicted the owner.,The giraffe fed the zookeeper.,The newborn adopted the roommate.,The traitor pardoned the president.,The diplomat drove the chauffeur.,The tenant evicted the owner.,The giraffe fed the zookeeper.,The newborn adopted the roommate.,The traitor pardoned the president.,The diplomat drove the chauffeur.,The tenant evicted the owner.,The traitor pardoned the president.,The giraffe fed the zookeeper.,The newborn adopted the roommate.,The diplomat drove the chauffeur.,The traitor pardoned the president.,The tenant evicted the owner.,The newborn adopted the roommate.,The giraffe fed the zookeeper.,The traitor pardoned the president.,The worker fired the boss.,The tenant evicted the owner.,The giraffe fed the zookeeper.,The newborn adopted the roommate.,The worker fired the boss.,The newborn adopted the roommate.,The tenant evicted the owner.,The giraffe fed the zookeeper.,The traitor pardoned the president.,The worker fired the boss.,The tenant evicted the owner.,The newborn adopted the roommate.,The giraffe fed the zookeeper.,The traitor pardoned the president.,The diplomat drove the chauffeur.,The giraffe fed the zookeeper.,The tenant evicted the owner.,The traitor pardoned the president.,The newborn adopted the roommate.
2,The traitor pardoned the president.,The newborn adopted the roommate.,The ruffian released the bailiff.,The diplomat drove the chauffeur.,The giraffe fed the zookeeper.,The toddler disciplined the mother.,The giraffe fed the zookeeper.,The diplomat drove the chauffeur.,The ruffian released the bailiff.,The newborn adopted the roommate.,The manufacturer robbed the thief.,The ruffian released the bailiff.,The diplomat drove the chauffeur.,The toddler disciplined the mother.,The traitor pardoned the president.,The toddler disciplined the mother.,The newborn adopted the roommate.,The lad instructed the governess.,The diplomat drove the chauffeur.,The ruffian released the bailiff.,The traitor pardoned the president.,The giraffe fed the zookeeper.,The diplomat drove the chauffeur.,The newborn adopted the roommate.,The ruffian released the bailiff.,The traitor pardoned the president.,The newborn adopted the roommate.,The giraffe fed the zookeeper.,The ruffian released the bailiff.,The diplomat drove the chauffeur.,The giraffe fed the zookeeper.,The toddler disciplined the mother.,The lad instructed the governess.,The ruffian released the bailiff.,The diplomat drove the chauffeur.,The traitor pardoned the president.,The diplomat drove the chauffeur.,The ruffian released the bailiff.,The giraffe fed the zookeeper.,The newborn adopted the roommate.,The giraffe fed the zookeeper.,The ruffian released the bailiff.,The newborn adopted the roommate.,The toddler disciplined the mother.,The diplomat drove the chauffeur.,The giraffe fed the zookeeper.,The traitor pardoned the president.,The toddler disciplined the mother.,The diplomat drove the chauffeur.,The ruffian released the bailiff.
3,The infant pampered the father.,The newborn adopted the roommate.,The toddler disciplined the mother.,The giraffe fed the zookeeper.,The tenant evicted the owner.,The tenant evicted the owner.,The infant pampered the father.,The newborn adopted the roommate.,The giraffe fed the zookeeper.,The toddler disciplined the mother.,The tenant evicted the owner.,The newborn adopted the roommate.,The baby coddled the dad.,The giraffe fed the zookeeper.,The toddler disciplined the mother.,The baby coddled the dad.,The tenant evicted the owner.,The newborn adopted the roommate.,The giraffe fed the zookeeper.,The toddler disciplined the mother.,The baby coddled the dad.,The tenant evicted the owner.,The newborn adopted the roommate.,The giraffe fed the zookeeper.,The toddler disciplined the mother.,The baby coddled the dad.,The newborn adopted the roommate.,The tenant evicted the owner.,The giraffe fed the zookeeper.,The toddler disciplined the mother.,The tenant evicted the owner.,The newborn adopted the roommate.,The baby coddled the dad.,The giraffe fed the zookeeper.,The toddler disciplined the mother.,The baby coddled the dad.,The tenant evicted the owner.,The giraffe fed the zookeeper.,The toddler disciplined the mother.,The newborn adopted the roommate.,The traitor pardoned the president.,The newborn adopted the roommate.,The tenant evicted the owner.,The giraffe fed the zookeeper.,The toddler disciplined the mother.,The newborn adopted the roommate.,The baby coddled the dad.,The tenant evicted the owner.,The toddler disciplined the mother.,The giraffe fed the zookeeper.
4,The traitor pardoned the president.,The worker fired the boss.,The newborn adopted the roommate.,The giraffe fed the zookeeper.,The toddler disciplined the mother.,The traitor pardoned the president.,The worker fired the boss.,The newborn adopted the roommate.,The toddler disciplined the mother.,The giraffe fed the zookeeper.,The traitor pardoned the president.,The worker fired the boss.,The newborn adopted the roommate.,The toddler disciplined the mother.,The giraffe fed the zookeeper.,The tenant evicted the owner.,The worker fired the boss.,The newborn adopted the roommate.,The toddler disciplined the mother.,The giraffe fed the zookeeper.,The worker fired the boss.,The newborn adopted the roommate.,The toddler disciplined the mother.,The giraffe fed the zookeeper.,The traitor pardoned the president.,The traitor pardoned the president.,The worker fired the boss.,The newborn adopted the roommate.,The toddler disciplined the mother.,The giraffe fed the zookeeper.,The traitor pardoned the president.,The worker fired the boss.,The newborn adopted the roommate.,The giraffe fed the zookeeper.,The toddler disciplined the mother.,The traitor pardoned the president.,The newborn adopted the roommate.,The worker fired the boss.,The toddler disciplined the mother.,The giraffe fed the zookeeper.,The tenant evicted the owner.,The worker fired the boss.,The newborn adopted the roommate.,The toddler disciplined the mother.,The giraffe fed the zookeeper.,The worker fired the boss.,The traitor pardoned the president.,The newborn adopted the roommate.,The toddler disciplined the mother.,The giraffe fed the zookeeper.
5,The tenant evicted the owner.,The worker fired the boss.,The newborn adopted the roommate.,The toddler disciplined the mother.,The giraffe fed the zookeeper.,The tenant evicted the owner.,The worker fired the boss.,The newborn adopted the roommate.,The giraffe fed the zookeeper.,The toddler disciplined the mother.,The traitor pardoned the president.,The toddler disciplined the mother.,The worker fired the boss.,The newborn adopted the roommate.,The giraffe fed the zookeeper.,The tenant evicted the owner.,The worker fired the boss.,The toddler disciplined the mother.,The giraffe fed the zookeeper.,The newborn adopted the roommate.,The traitor pardoned the president.,The worker fired the boss.,The toddler disciplined the mother.,The giraffe fed the zookeeper.,The newborn adopted the roommate.,The traitor pardoned the president.,The worker fired the boss.,The newborn adopted the roommate.,The toddler disciplined the mother.,The giraffe fed the zookeeper.,The traitor pardoned the president.,The newborn adopted the roommate.,The giraffe fed the zookeeper.,The toddler disciplined the mother.,The worker fired the boss.,The traitor pardoned the president.,The worker fired the boss.,The toddler disciplined the mother.,The newborn adopted the roommate.,The giraffe fed the zookeeper.,The traitor pardoned the president.,The worker fired the boss.,The newborn adopted the roommate.,The toddler disciplined the mother.,The giraffe fed the zookeeper.,The traitor pardoned the president.,The giraffe fed the zookeeper.,The worker fired the boss.,The newborn adopted the roommate.,The toddler disciplined the mother.
6,The toddler disciplined the mother.,The worker fired the boss.,The traitor pardoned the president.,The newborn adopted the roommate.,The giraffe fed the zookeeper.,The toddler disciplined the mother.,The traitor pardoned the president.,The newborn adopted the roommate.,The worker fired the boss.,The giraffe fed the zookeeper.,The toddler disciplined the mother.,The traitor pardoned the president.,The newborn adopted the roommate.,The worker fired the boss.,The giraffe fed the zookeeper.,The toddler disciplined the mother.,The traitor pardoned the president.,The newborn adopted the roommate.,The worker fired the boss.,The giraffe fed the zookeeper.,The toddler disciplined the mother.,The traitor pardoned the president.,The giraffe fed the zookeeper.,The newborn adopted the roommate.,The worker fired the boss.,The toddler disciplined the mother.,The traitor pardoned the president.,The newborn adopted the roommate.,The worker fired the boss.,The giraffe fed the zookeeper.,The toddler disciplined the mother.,The traitor pardoned the president.,The worker fired the boss.,The newborn adopted the roommate.,The giraffe fed the zookeeper.,The toddler disciplined the mother.,The traitor pardoned the president.,The worker fired the boss.,The giraffe fed the zookeeper.,The newborn adopted the roommate.,The traitor pardoned the president.,The toddler disciplined the mother.,The newborn adopted the roommate.,The worker fired the boss.,The giraffe fed the zookeeper.,The toddler disciplined the mother.,The traitor pardoned the president.,The newborn adopted the roommate.,The worker fired the boss.,The giraffe fed the zookeeper.
7,The newborn adopted the roommate.,The giraffe fed the zookeeper.,The worker fired the boss.,The pop star stalked the paparazzi.,The ruffian released the bailiff.,The ruffian released the bailiff.,The giraffe fed the zookeeper.,The worker fired the boss.,The pop star stalked the paparazzi.,The newborn adopted the roommate.,The newborn adopted the roommate.,The worker fired the boss.,The traitor pardoned the president.,The giraffe fed the zookeeper.,The ruffian released the bailiff.,The traitor pardoned the president.,The worker fired the boss.,The pop star stalked the paparazzi.,The giraffe fed the zookeeper.,The ruffian released the bailiff.,The pop star stalked the paparazzi.,The ruffian released the bailiff.,The traitor pardoned the president.,The giraffe fed the zookeeper.,The worker fired the boss.,The ruffian released the bailiff.,The worker fired the boss.,The pop star stalked the paparazzi.,The traitor pardoned the president.,The giraffe fed the zookeeper.,The pop star stalked the paparazzi.,The giraffe fed the zookeeper.,The ruffian released the bailiff.,The worker fired the boss.,The traitor pardoned the president.,The newborn adopted the roommate.,The ruffian released the bailiff.,The pop star stalked the paparazzi.,The giraffe fed the zookeeper.,The worker fired the boss.,The ruffian released the bailiff.,The traitor pardoned the president.,The pop star stalked the paparazzi.,The worker fired the boss.,The giraffe fed the zookeeper.,The pop star stalked the paparazzi.,The worker fired the boss.,The newborn adopted the roommate.,The giraffe fed the zookeeper.,The ruffian released the bailiff.
8,The diplomat drove the chauffeur.,The worker fired the boss.,The ruffian released the bailiff.,The pop star stalked the paparazzi.,The giraffe fed the zookeeper.,The diplomat drove the chauffeur.,The giraffe fed the zookeeper.,The pop star stalked the paparazzi.,The worker fired the boss.,The ruffian released the bailiff.,The worker fired the boss.,The lad instructed the governess.,The giraffe fed the zookeeper.,The pop star stalked the paparazzi.,The ruffian released the bailiff.,The diplomat drove the chauffeur.,The pop star stalked the paparazzi.,The worker fired the boss.,The ruffian released the bailiff.,The giraffe fed the zookeeper.,The diplomat drove the chauffeur.,The worker fired the boss.,The giraffe fed the zookeeper.,The pop star stalked the paparazzi.,The ruffian released the bailiff.,The diplomat drove the chauffeur.,The worker fired the boss.,The giraffe fed the zookeeper.,The pop star stalked the paparazzi.,The ruffian released the bailiff.,The diplomat drove the chauffeur.,The giraffe fed the zookeeper.,The worker fired the boss.,The ruffian released the bailiff.,The pop star stalked the paparazzi.,The lad instructed the governess.,The giraffe fed the zookeeper.,The worker fired the boss.,The pop star stalked the paparazzi.,The ruffian released the bailiff.,The lad instructed the governess.,The worker fired the boss.,The giraffe fed the zookeeper.,The pop star stalked the paparazzi.,The ruffian released the bailiff.,The lad instructed the governess.,The worker fired the boss.,The pop star stalked the paparazzi.,The ruffian released the bailiff.,The giraffe fed the zookeeper.
9,The pop star stalked the paparazzi.,The crowd hypnotized the magician.,The ambassador transported the driver.,The kid reprimanded the headmaster.,The diplomat drove the chauffeur.,The crowd hypnotized the magician.,The headmaster reprimanded the kid.,The kid reprimanded the headmaster.,The diplomat drove the chauffeur.,The ambassador transported the driver.,The pop star stalked the paparazzi.,The crowd hypnotized the magician.,The ambassador transported the driver.,The diplomat drove the chauffeur.,The kid reprimanded the headmaster.,The crowd hypnotized the magician.,The clergyman cherished the nomad.,The diplomat drove the chauffeur.,The ambassador transported the driver.,The kid reprimanded the headmaster.,The pop star stalked the paparazzi.,The diplomat drove the chauffeur.,The crowd hypnotized the magician.,The kid reprimanded the headmaster.,The ambassador transported the driver.,The clergyman cherished the nomad.,The crowd hypnotized the magician.,The kid reprimanded the headmaster.,The diplomat drove the chauffeur.,The ambassador transported the driver.,The crowd hypnotized the magician.,The headmaster reprimanded the kid.,The diplomat drove the chauffeur.,The ambassador transported the driver.,The kid reprimanded the headmaster.,The child scolded the principal.,The ambassador transported the driver.,The kid reprimanded the headmaster.,The crowd hypnotized the magician.,The diplomat drove the chauffeur.,The crowd hypnotized the magician.,The clergyman cherished the nomad.,The kid reprimanded the headmaster.,The ambassador transported the driver.,The diplomat drove the chauffeur.,The diplomat drove the chauffeur.,The clergyman cherished the nomad.,The ambassador transported the driver.,The kid reprimanded the headmaster.,The crowd hypnotized the magician.
10,The bully dodged the freshman.,The ruffian released the bailiff.,The widower treated the urologist.,The child scolded the principal.,The elderly person charged the clerk.,The senior citizen billed the cashier.,The ruffian released the bailiff.,The bully dodged the freshman.,The elderly person charged the clerk.,The freshman dodged the bully.,The toddler disciplined the mother.,The bully dodged the freshman.,The child scolded the principal.,The widower treated the urologist.,The elderly person charged the clerk.,The widower treated the urologist.,The child scolded the principal.,The elderly person charged the clerk.,The freshman dodged the bully.,The bully dodged the freshman.,The toddler disciplined the mother.,The ruffian released the bailiff.,The child scolded the principal.,The newborn adopted the roommate.,The elderly person charged the clerk.,The toddler disciplined the mother.,The freshman dodged the bully.,The elderly person charged the clerk.,The bully dodged the freshman.,The widower treated the urologist.,The industrialist burgled the robber.,The pop star stalked the paparazzi.,The ruffian released the bailiff.,The bully dodged the freshman.,The filmmaker pestered the fan.,The newborn adopted the roommate.,The freshman dodged the bully.,The widower treated the urologist.,The elderly person charged the clerk.,The bully dodged the freshman.,The ruffian released the bailiff.,The elderly person charged the clerk.,The bully dodged the freshman.,The child scolded the principal.,The filmmaker pestered the fan.,The freshman dodged the bully.,The ruffian released the bailiff.,The widower treated the urologist.,The elderly person charged the clerk.,The bully dodged the freshman.
11,The widower treated the urologist.,The ruffian released the bailiff.,The bystander interrogated the attorney.,The winner congratulated the panelist.,The bully dodged the freshman.,The senior citizen billed the cashier.,The ruffian released the bailiff.,The offender handcuffed the policewoman.,The winner congratulated the panelist.,The bully dodged the freshman.,The bystander interrogated the attorney.,The old man shaved the barber.,The winner congratulated the panelist.,The ruffian released the bailiff.,The bully dodged the freshman.,The offender handcuffed the policewoman.,The winner congratulated the panelist.,The bystander interrogated the attorney.,The ruffian released the bailiff.,The bully dodged the freshman.,The offender handcuffed the policewoman.,The old man shaved the barber.,The ruffian released the bailiff.,The bystander interrogated the attorney.,The bully dodged the freshman.,The youngster resuscitated the EMT.,The offender handcuffed the policewoman.,The bully dodged the freshman.,The bystander interrogated the attorney.,The ruffian released the bailiff.,The snorkeler mauled the shark.,The ruffian released the bailiff.,The bystander interrogated the attorney.,The senior citizen billed the cashier.,The bully dodged the freshman.,The snorkeler mauled the shark.,The ruffian released the bailiff.,The bystander interrogated the attorney.,The offender handcuffed the policewoman.,The bully dodged the freshman.,The bully dodged the freshman.,The old man shaved the barber.,The bystander interrogated the attorney.,The ruffian released the bailiff.,The winner congratulated the panelist.,The offender handcuffed the policewoman.,The snorkeler mauled the shark.,The ruffian released the bailiff.,The bystander interrogated the attorney.,The bully dodged the freshman.
12,The bully dodged the freshman.,The witness questioned the lawyer.,The ruffian released the bailiff.,The snorkeler mauled the shark.,The senior citizen billed the cashier.,The offender handcuffed the policewoman.,The senior citizen billed the cashier.,The snorkeler mauled the shark.,The witness questioned the lawyer.,The bystander interrogated the attorney.,The ruffian released the bailiff.,The senior citizen billed the cashier.,The witness questioned the lawyer.,The bully dodged the freshman.,The bystander interrogated the attorney.,The bully dodged the freshman.,The ruffian released the bailiff.,The bystander interrogated the attorney.,The witness questioned the lawyer.,The elderly person charged the clerk.,The senior citizen billed the cashier.,The snorkeler mauled the shark.,The bystander interrogated the attorney.,The witness questioned the lawyer.,The ruffian released the bailiff.,The youngster resuscitated the EMT.,The senior citizen billed the cashier.,The witness questioned the lawyer.,The bystander interrogated the attorney.,The snorkeler mauled the shark.,The senior citizen billed the cashier.,The bully dodged the freshman.,The witness questioned the lawyer.,The snorkeler mauled the shark.,The ruffian released the bailiff.,The pessimist discouraged the contestant.,The contestant discouraged the pessimist.,The snorkeler mauled the shark.,The witness questioned the lawyer.,The bystander interrogated the attorney.,The snorkeler mauled the shark.,The witness questioned the lawyer.,The ruffian released the bailiff.,The bully dodged the freshman.,The bystander interrogated the attorney.,The snorkeler mauled the shark.,The ruffian released the bailiff.,The senior citizen billed the cashier.,The witness questioned the lawyer.,The contestant discouraged the pessimist.
13,The ruffian released the bailiff.,The page obeyed the noble.,The noble obeyed the page.,The firefighter rewarded the police chief.,The quack discredited the cardiologist.,The newborn adopted the roommate.,The toddler disciplined the mother.,The noble obeyed the page.,The widower treated the urologist.,The old man shaved the barber.,The bully dodged the freshman.,The noble obeyed the page.,The page obeyed the noble.,The bystander interrogated the attorney.,The toddler disciplined the mother.,The apprentice trained the artisan.,The toddler disciplined the mother.,The noble obeyed the page.,The page obeyed the noble.,The quack discredited the cardiologist.,The widower treated the urologist.,The apprentice trained the artisan.,The page obeyed the noble.,The toddler disciplined the mother.,The noble obeyed the page.,The contestant discouraged the pessimist.,The old man shaved the barber.,The noble obeyed the page.,The quack discredited the cardiologist.,The bystander interrogated the attorney.,The worker fired the boss.,The quack discredited the cardiologist.,The toddler disciplined the mother.,The noble obeyed the page.,The page obeyed the noble.,The quack discredited the cardiologist.,The ruffian released the bailiff.,The toddler disciplined the mother.,The old man shaved the barber.,The noble obeyed the page.,The old man shaved the barber.,The widower treated the urologist.,The quack discredited the cardiologist.,The noble obeyed the page.,The bystander interrogated the attorney.,The old man shaved the barber.,The page obeyed the noble.,The ruffian released the bailiff.,The quack discredited the cardiologist.,The noble obeyed the page.
14,The old man shaved the barber.,The ruffian released the bailiff.,The toddler disciplined the mother.,The widower treated the urologist.,The noble obeyed the page.,The economist acquitted the jury.,The pop star stalked the paparazzi.,The noble obeyed the page.,The toddler disciplined the mother.,The widower treated the urologist.,The ruffian released the bailiff.,The toddler disciplined the mother.,The old man shaved the barber.,The widower treated the urologist.,The noble obeyed the page.,The apprentice trained the artisan.,The economist acquitted the jury.,The toddler disciplined the mother.,The widower treated the urologist.,The noble obeyed the page.,The ruffian released the bailiff.,The apprentice trained the artisan.,The toddler disciplined the mother.,The widower treated the urologist.,The noble obeyed the page.,The ruffian released the bailiff.,The baron chose the successor.,The bystander interrogated the attorney.,The widower treated the urologist.,The successor chose the baron.,The noble obeyed the page.,The toddler disciplined the mother.,The pop star stalked the paparazzi.,The widower treated the urologist.,The bystander interrogated the attorney.,The baron chose the successor.,The noble obeyed the page.,The successor chose the baron.,The ruffian released the bailiff.,The widower treated the urologist.,The apprentice trained the artisan.,The old man shaved the barber.,The widower treated the urologist.,The noble obeyed the page.,The toddler disciplined the mother.,The baron chose the successor.,The ruffian released the bailiff.,The widower treated the urologist.,The apprentice trained the artisan.,The successor chose the baron.
15,The worker fired the boss.,The senior citizen billed the cashier.,The economist acquitted the jury.,The widower treated the urologist.,The toddler disciplined the mother.,The newborn adopted the roommate.,The senior citizen billed the cashier.,The widower treated the urologist.,The economist acquitted the jury.,The toddler disciplined the mother.,The senior citizen billed the cashier.,The economist acquitted the jury.,The widower treated the urologist.,The toddler disciplined the mother.,The snorkeler mauled the shark.,The snorkeler mauled the shark.,The economist acquitted the jury.,The toddler disciplined the mother.,The widower treated the urologist.,The senior citizen billed the cashier.,The snorkeler mauled the shark.,The economist acquitted the jury.,The senior citizen billed the cashier.,The toddler disciplined the mother.,The widower treated the urologist.,The snorkeler mauled the shark.,The senior citizen billed the cashier.,The economist acquitted the jury.,The widower treated the urologist.,The toddler disciplined the mother.,The snorkeler mauled the shark.,The senior citizen billed the cashier.,The widower treated the urologist.,The economist acquitted the jury.,The toddler disciplined the mother.,The economist acquitted the jury.,The senior citizen billed the cashier.,The widower treated the urologist.,The toddler disciplined the mother.,The snorkeler mauled the shark.,The snorkeler mauled the shark.,The senior citizen billed the cashier.,The widower treated the urologist.,The toddler disciplined the mother.,The economist acquitted the jury.,The senior citizen billed the cashier.,The snorkeler mauled the shark.,The economist acquitted the jury.,The toddler disciplined the mother.,The widower treated the urologist.
16,The traitor pardoned the president.,The worker fired the boss.,The contestant discouraged the pessimist.,The newborn adopted the roommate.,The toddler disciplined the mother.,The contestant discouraged the pessimist.,The toddler disciplined the mother.,The worker fired the boss.,The newborn adopted the roommate.,The traitor pardoned the president.,The widower treated the urologist.,The contestant discouraged the pessimist.,The worker fired the boss.,The newborn adopted the roommate.,The toddler disciplined the mother.,The widower treated the urologist.,The traitor pardoned the president.,The worker fired the boss.,The toddler disciplined the mother.,The newborn adopted the roommate.,The tour-guide chased the lion.,The newborn adopted the roommate.,The toddler disciplined the mother.,The worker fired the boss.,The widower treated the urologist.,The widower treated the urologist.,The contestant discouraged the pessimist.,The worker fired the boss.,The newborn adopted the roommate.,The toddler disciplined the mother.,The widower treated the urologist.,The contestant discouraged the pessimist.,The newborn adopted the roommate.,The worker fired the boss.,The toddler disciplined the mother.,The widower treated the urologist.,The toddler disciplined the mother.,The contestant discouraged the pessimist.,The newborn adopted the roommate.,The worker fired the boss.,The traitor pardoned the president.,The widower treated the urologist.,The newborn adopted the roommate.,The worker fired the boss.,The toddler disciplined the mother.,The widower treated the urologist.,The contestant discouraged the pessimist.,The newborn adopted the roommate.,The worker fired the boss.,The toddler disciplined the mother.
17,The newborn adopted the roommate.,The busboy tipped the brunette.,The ruffian released the bailiff.,The toddler disciplined the mother.,The worker fired the boss.,The industrialist burgled the robber.,The newborn adopted the roommate.,The worker fired the boss.,The toddler disciplined the mother.,The busboy tipped the brunette.,The ruffian released the bailiff.,The toddler disciplined the mother.,The busboy tipped the brunette.,The newborn adopted the roommate.,The worker fired the boss.,The ruffian released the bailiff.,The worker fired the boss.,The widower treated the urologist.,The newborn adopted the roommate.,The toddler disciplined the mother.,The industrialist burgled the robber.,The ruffian released the bailiff.,The worker fired the boss.,The newborn adopted the roommate.,The busboy tipped the brunette.,The busboy tipped the brunette.,The newborn adopted the roommate.,The toddler disciplined the mother.,The traitor pardoned the president.,The worker fired the boss.,The contestant discouraged the pessimist.,The ruffian released the bailiff.,The newborn adopted the roommate.,The worker fired the boss.,The traitor pardoned the president.,The actress cast the producer.,The ruffian released the bailiff.,The busboy tipped the brunette.,The toddler disciplined the mother.,The worker fired the boss.,The traitor pardoned the president.,The subject recruited the experimenter.,The industrialist burgled the robber.,The worker fired the boss.,The ruffian released the bailiff.,The subject recruited the experimenter.,The busboy tipped the brunette.,The toddler disciplined the mother.,The newborn adopted the roommate.,The worker fired the boss.
18,The subject recruited the experimenter.,The industrialist burgled the robber.,The worker fired the boss.,The pop star stalked the paparazzi.,The toddler disciplined the mother.,The economist acquitted the jury.,The toddler disciplined the mother.,The traitor pardoned the president.,The worker fired the boss.,The newborn adopted the roommate.,The contestant discouraged the pessimist.,The newborn adopted the roommate.,The subject recruited the experimenter.,The worker fired the boss.,The traitor pardoned the president.,The actress cast the producer.,The economist acquitted the jury.,The pop star stalked the paparazzi.,The traitor pardoned the president.,The worker fired the boss.,The actress cast the producer.,The pop star stalked the paparazzi.,The subject recruited the experimenter.,The newborn adopted the roommate.,The worker fired the boss.,The pop star stalked the paparazzi.,The toddler disciplined the mother.,The worker fired the boss.,The widower treated the urologist.,The traitor pardoned the president.,The industrialist burgled the robber.,The widower treated the urologist.,The traitor pardoned the president.,The subject recruited the experimenter.,The worker fired the boss.,The contestant discouraged the pessimist.,The worker fired the boss.,The traitor pardoned the president.,The actress cast the producer.,The pop star stalked the paparazzi.,The toddler disciplined the mother.,The worker fired the boss.,The newborn adopted the roommate.,The pop star stalked the paparazzi.,The traitor pardoned the president.,The widower treated the urologist.,The subject recruited the experimenter.,The worker fired the boss.,The newborn adopted the roommate.,The traitor pardoned the president.
19,The widower treated the urologist.,The economist acquitted the jury.,The worker fired the boss.,The toddler disciplined the mother.,The pop star stalked the paparazzi.,The senior citizen billed the cashier.,The industrialist burgled the robber.,The worker fired the boss.,The toddler disciplined the mother.,The pop star stalked the paparazzi.,The crowd hypnotized the magician.,The traitor pardoned the president.,The worker fired the boss.,The toddler disciplined the mother.,The pop star stalked the paparazzi.,The ruffian released the bailiff.,The newborn adopted the roommate.,The pop star stalked the paparazzi.,The toddler disciplined the mother.,The economist acquitted the jury.,The crowd hypnotized the magician.,The pop star stalked the paparazzi.,The toddler disciplined the mother.,The worker fired the boss.,The economist acquitted the jury.,The ruffian released the bailiff.,The worker fired the boss.,The toddler disciplined the mother.,The pop star stalked the paparazzi.,The newborn adopted the roommate.,The widower treated the urologist.,The toddler disciplined the mother.,The worker fired the boss.,The economist acquitted the jury.,The pop star stalked the paparazzi.,The ruffian released the bailiff.,The worker fired the boss.,The economist acquitted the jury.,The pop star stalked the paparazzi.,The toddler disciplined the mother.,The newborn adopted the roommate.,The worker fired the boss.,The pop star stalked the paparazzi.,The traitor pardoned the president.,The toddler disciplined the mother.,The ruffian released the bailiff.,The newborn adopted the roommate.,The worker fired the boss.,The toddler disciplined the mother.,The pop star stalked the paparazzi.
20,The subject recruited the experimenter.,The newborn adopted the roommate.,The pop star stalked the paparazzi.,The worker fired the boss.,The ruffian released the bailiff.,The crowd hypnotized the magician.,The toddler disciplined the mother.,The worker fired the boss.,The ruffian released the bailiff.,The pop star stalked the paparazzi.,The toddler disciplined the mother.,The crowd hypnotized the magician.,The worker fired the boss.,The pop star stalked the paparazzi.,The ruffian released the bailiff.,The toddler disciplined the mother.,The senior citizen billed the cashier.,The pop star stalked the paparazzi.,The worker fired the boss.,The ruffian released the bailiff.,The newborn adopted the roommate.,The toddler disciplined the mother.,The pop star stalked the paparazzi.,The ruffian released the bailiff.,The worker fired the boss.,The crowd hypnotized the magician.,The toddler disciplined the mother.,The worker fired the boss.,The ruffian released the bailiff.,The pop star stalked the paparazzi.,The toddler disciplined the mother.,The crowd hypnotized the magician.,The worker fired the boss.,The ruffian released the bailiff.,The pop star stalked the paparazzi.,The newborn adopted the roommate.,The senior citizen billed the cashier.,The pop star stalked the paparazzi.,The ruffian released the bailiff.,The worker fired the boss.,The newborn adopted the roommate.,The toddler disciplined the mother.,The pop star stalked the paparazzi.,The ruffian released the bailiff.,The worker fired the boss.,The toddler disciplined the mother.,The newborn adopted the roommate.,The pop star stalked the paparazzi.,The worker fired the boss.,The ruffian released the bailiff.
21,The subject recruited the experimenter.,The toddler disciplined the mother.,The worker fired the boss.,The pop star stalked the paparazzi.,The ruffian released the bailiff.,The newborn adopted the roommate.,The traitor pardoned the president.,The worker fired the boss.,The ruffian released the bailiff.,The pop star stalked the paparazzi.,The worker fired the boss.,The offender handcuffed the policewoman.,The pop star stalked the paparazzi.,The traitor pardoned the president.,The ruffian released the bailiff.,The senior citizen billed the cashier.,The worker fired the boss.,The traitor pardoned the president.,The pop star stalked the paparazzi.,The ruffian released the bailiff.,The toddler disciplined the mother.,The traitor pardoned the president.,The worker fired the boss.,The ruffian released the bailiff.,The newborn adopted the roommate.,The senior citizen billed the cashier.,The pop star stalked the paparazzi.,The ruffian released the bailiff.,The worker fired the boss.,The traitor pardoned the president.,The winner congratulated the panelist.,The traitor pardoned the president.,The pop star stalked the paparazzi.,The worker fired the boss.,The ruffian released the bailiff.,The subject recruited the experimenter.,The newborn adopted the roommate.,The worker fired the boss.,The pop star stalked the paparazzi.,The ruffian released the bailiff.,The subject recruited the experimenter.,The senior citizen billed the cashier.,The winner congratulated the panelist.,The worker fired the boss.,The ruffian released the bailiff.,The senior citizen billed the cashier.,The traitor pardoned the president.,The pop star stalked the paparazzi.,The worker fired the boss.,The ruffian released the bailiff.
22,The worker fired the boss.,The ruffian released the bailiff.,The widower treated the urologist.,The traitor pardoned the president.,The pop star stalked the paparazzi.,The traitor pardoned the president.,The widower treated the urologist.,The winner congratulated the panelist.,The pop star stalked the paparazzi.,The ruffian released the bailiff.,The worker fired the boss.,The ruffian released the bailiff.,The winner congratulated the panelist.,The pop star stalked the paparazzi.,The traitor pardoned the president.,The winner congratulated the panelist.,The senior citizen billed the cashier.,The worker fired the boss.,The pop star stalked the paparazzi.,The ruffian released the bailiff.,The widower treated the urologist.,The senior citizen billed the cashier.,The winner congratulated the panelist.,The pop star stalked the paparazzi.,The ruffian released the bailiff.,The traitor pardoned the president.,The worker fired the boss.,The ruffian released the bailiff.,The winner congratulated the panelist.,The pop star stalked the paparazzi.,The senior citizen billed the cashier.,The worker fired the boss.,The traitor pardoned the president.,The ruffian released the bailiff.,The pop star stalked the paparazzi.,The senior citizen billed the cashier.,The traitor pardoned the president.,The pop star stalked the paparazzi.,The ruffian released the bailiff.,The widower treated the urologist.,The senior citizen billed the cashier.,The traitor pardoned the president.,The winner congratulated the panelist.,The ruffian released the bailiff.,The pop star stalked the paparazzi.,The widower treated the urologist.,The ruffian released the bailiff.,The winner congratulated the panelist.,The pop star stalked the paparazzi.,The traitor pardoned the president.
23,The ruffian released the bailiff.,The senior citizen billed the cashier.,The traitor pardoned the president.,The worker fired the boss.,The pop star stalked the paparazzi.,The tour-guide chased the lion.,The ruffian released the bailiff.,The worker fired the boss.,The traitor pardoned the president.,The pop star stalked the paparazzi.,The offender handcuffed the policewoman.,The ruffian released the bailiff.,The traitor pardoned the president.,The pop star stalked the paparazzi.,The worker fired the boss.,The widower treated the urologist.,The traitor pardoned the president.,The senior citizen billed the cashier.,The worker fired the boss.,The pop star stalked the paparazzi.,The tour-guide chased the lion.,The ruffian released the bailiff.,The traitor pardoned the president.,The worker fired the boss.,The pop star stalked the paparazzi.,The ruffian released the bailiff.,The senior citizen billed the cashier.,The traitor pardoned the president.,The pop star stalked the paparazzi.,The worker fired the boss.,The ruffian released the bailiff.,The senior citizen billed the cashier.,The worker fired the boss.,The traitor pardoned the president.,The pop star stalked the paparazzi.,The witness questioned the lawyer.,The ruffian released the bailiff.,The worker fired the boss.,The traitor pardoned the president.,The pop star stalked the paparazzi.,The traitor pardoned the president.,The senior citizen billed the cashier.,The ruffian released the bailiff.,The worker fired the boss.,The pop star stalked the paparazzi.,The pop star stalked the paparazzi.,The senior citizen billed the cashier.,The traitor pardoned the president.,The worker fired the boss.,The ruffian released the bailiff.
