0,The evangelist mystified the soothsayer.,The sorcerer defended the dwarf.,The felon deprecated the intermediary.,The striker cited the chief.,The dwarf defended the sorcerer.,The evangelist mystified the soothsayer.,The sorcerer defended the dwarf.,The striker cited the chief.,The felon deprecated the intermediary.,The dwarf defended the sorcerer.,The evangelist mystified the soothsayer.,The sorcerer defended the dwarf.,The striker cited the chief.,The felon deprecated the intermediary.,The dwarf defended the sorcerer.,The evangelist mystified the soothsayer.,The sorcerer defended the dwarf.,The felon deprecated the intermediary.,The striker cited the chief.,The dwarf defended the sorcerer.,The evangelist mystified the soothsayer.,The sorcerer defended the dwarf.,The striker cited the chief.,The dwarf defended the sorcerer.,The felon deprecated the intermediary.,The evangelist mystified the soothsayer.,The sorcerer defended the dwarf.,The striker cited the chief.,The felon deprecated the intermediary.,The dwarf defended the sorcerer.,The evangelist mystified the soothsayer.,The sorcerer defended the dwarf.,The dwarf defended the sorcerer.,The felon deprecated the intermediary.,The striker cited the chief.,The evangelist mystified the soothsayer.,The dwarf defended the sorcerer.,The striker cited the chief.,The sorcerer defended the dwarf.,The felon deprecated the intermediary.,The evangelist mystified the soothsayer.,The dwarf defended the sorcerer.,The striker cited the chief.,The felon deprecated the intermediary.,The sorcerer defended the dwarf.,The evangelist mystified the soothsayer.,The sorcerer defended the dwarf.,The striker cited the chief.,The dwarf defended the sorcerer.,The felon deprecated the intermediary.
1,The supplier reimbursed the merchant.,The actuary assuaged the creditor.,The merchant reimbursed the supplier.,The nominee approved the candidate.,The creditor assuaged the actuary.,The actuary assuaged the creditor.,The merchant reimbursed the supplier.,The creditor assuaged the actuary.,The supplier reimbursed the merchant.,The nominee approved the candidate.,The pharmacist suspected the chemist.,The merchant reimbursed the supplier.,The nominee approved the candidate.,The actuary assuaged the creditor.,The creditor assuaged the actuary.,The merchant reimbursed the supplier.,The actuary assuaged the creditor.,The candidate approved the nominee.,The creditor assuaged the actuary.,The nominee approved the candidate.,The pharmacist suspected the chemist.,The actuary assuaged the creditor.,The creditor assuaged the actuary.,The merchant reimbursed the supplier.,The nominee approved the candidate.,The candidate approved the nominee.,The actuary assuaged the creditor.,The creditor assuaged the actuary.,The merchant reimbursed the supplier.,The nominee approved the candidate.,The merchant reimbursed the supplier.,The pharmacist suspected the chemist.,The nominee approved the candidate.,The actuary assuaged the creditor.,The creditor assuaged the actuary.,The nominee approved the candidate.,The supplier reimbursed the merchant.,The actuary assuaged the creditor.,The creditor assuaged the actuary.,The merchant reimbursed the supplier.,The supplier reimbursed the merchant.,The nominee approved the candidate.,The merchant reimbursed the supplier.,The actuary assuaged the creditor.,The creditor assuaged the actuary.,The actuary assuaged the creditor.,The candidate approved the nominee.,The creditor assuaged the actuary.,The merchant reimbursed the supplier.,The nominee approved the candidate.
2,The defendant belittled the go-between.,The entertainer awed the poet.,The accuser confronted the vandal.,The trespasser choked the fighter.,The missionary baffled the oracle.,The asylum seeker goaded the vagrant.,The sailor frightened the psychic.,The defendant belittled the go-between.,The entertainer awed the poet.,The missionary baffled the oracle.,The entertainer awed the poet.,The sailor frightened the psychic.,The missionary baffled the oracle.,The accuser confronted the vandal.,The defendant belittled the go-between.,The sentry spotted the invader.,The fighter choked the trespasser.,The trespasser choked the fighter.,The missionary baffled the oracle.,The defendant belittled the go-between.,The asylum seeker goaded the vagrant.,The trespasser choked the fighter.,The entertainer awed the poet.,The defendant belittled the go-between.,The missionary baffled the oracle.,The fighter choked the trespasser.,The sailor frightened the psychic.,The trespasser choked the fighter.,The defendant belittled the go-between.,The missionary baffled the oracle.,The entertainer awed the poet.,The trespasser choked the fighter.,The missionary baffled the oracle.,The oracle baffled the missionary.,The defendant belittled the go-between.,The go-between belittled the defendant.,The asylum seeker goaded the vagrant.,The trespasser choked the fighter.,The missionary baffled the oracle.,The defendant belittled the go-between.,The fighter choked the trespasser.,The accuser confronted the vandal.,The missionary baffled the oracle.,The defendant belittled the go-between.,The trespasser choked the fighter.,The entertainer awed the poet.,The missionary baffled the oracle.,The actor emailed the screenwriter.,The sailor frightened the psychic.,The defendant belittled the go-between.
3,The pacifist placated the zealot.,The invader spotted the sentry.,The missionary baffled the oracle.,The sentry spotted the invader.,The zealot placated the pacifist.,The missionary baffled the oracle.,The envoy entertained the valet.,The executive challenged the traveling salesman.,The invader spotted the sentry.,The sentry spotted the invader.,The actor emailed the screenwriter.,The missionary baffled the oracle.,The organizer persuaded the buyer.,The asylum seeker goaded the vagrant.,The zealot placated the pacifist.,The missionary baffled the oracle.,The sentry spotted the invader.,The merchant reimbursed the supplier.,The envoy entertained the valet.,The zealot placated the pacifist.,The asylum seeker goaded the vagrant.,The sentry spotted the invader.,The foreman devastated the plumber.,The executive challenged the traveling salesman.,The missionary baffled the oracle.,The envoy entertained the valet.,The sentry spotted the invader.,The zealot placated the pacifist.,The trespasser choked the fighter.,The missionary baffled the oracle.,The cabbie disgusted the letter carrier.,The missionary baffled the oracle.,The envoy entertained the valet.,The merchant reimbursed the supplier.,The zealot placated the pacifist.,The organizer persuaded the buyer.,The zealot placated the pacifist.,The sentry spotted the invader.,The missionary baffled the oracle.,The executive challenged the traveling salesman.,The merchant reimbursed the supplier.,The executive challenged the traveling salesman.,The sentry spotted the invader.,The zealot placated the pacifist.,The missionary baffled the oracle.,The actor emailed the screenwriter.,The organizer persuaded the buyer.,The envoy entertained the valet.,The sentry spotted the invader.,The missionary baffled the oracle.
4,The nominee approved the candidate.,The invader spotted the sentry.,The executive challenged the traveling salesman.,The sentry spotted the invader.,The organizer persuaded the buyer.,The invader spotted the sentry.,The sentry spotted the invader.,The organizer persuaded the buyer.,The envoy entertained the valet.,The executive challenged the traveling salesman.,The invader spotted the sentry.,The farmer affronted the mapmaker.,The sentry spotted the invader.,The organizer persuaded the buyer.,The executive challenged the traveling salesman.,The executive challenged the traveling salesman.,The zealot placated the pacifist.,The nominee approved the candidate.,The organizer persuaded the buyer.,The envoy entertained the valet.,The organizer persuaded the buyer.,The cabbie disgusted the letter carrier.,The foreman devastated the plumber.,The executive challenged the traveling salesman.,The dean commended the shrink.,The trespasser choked the fighter.,The organizer persuaded the buyer.,The invader spotted the sentry.,The sentry spotted the invader.,The executive challenged the traveling salesman.,The zealot placated the pacifist.,The invader spotted the sentry.,The sentry spotted the invader.,The executive challenged the traveling salesman.,The organizer persuaded the buyer.,The cabbie disgusted the letter carrier.,The sentry spotted the invader.,The farmer affronted the mapmaker.,The executive challenged the traveling salesman.,The organizer persuaded the buyer.,The pacifist placated the zealot.,The dwarf defended the sorcerer.,The zealot placated the pacifist.,The sentry spotted the invader.,The executive challenged the traveling salesman.,The sentry spotted the invader.,The executive challenged the traveling salesman.,The organizer persuaded the buyer.,The sorcerer defended the dwarf.,The invader spotted the sentry.
5,The executive challenged the traveling salesman.,The broker introduced the donor.,The sorcerer defended the dwarf.,The donor introduced the broker.,The dwarf defended the sorcerer.,The cabbie disgusted the letter carrier.,The broker introduced the donor.,The sorcerer defended the dwarf.,The dwarf defended the sorcerer.,The donor introduced the broker.,The donor introduced the broker.,The fanatic mollified the peace-lover.,The zealot placated the pacifist.,The dwarf defended the sorcerer.,The sorcerer defended the dwarf.,The executive challenged the traveling salesman.,The broker introduced the donor.,The dwarf defended the sorcerer.,The sorcerer defended the dwarf.,The donor introduced the broker.,The broker introduced the donor.,The actor emailed the screenwriter.,The cabbie disgusted the letter carrier.,The donor introduced the broker.,The executive challenged the traveling salesman.,The cabbie disgusted the letter carrier.,The chief cited the striker.,The striker cited the chief.,The sorcerer defended the dwarf.,The dwarf defended the sorcerer.,The broker introduced the donor.,The donor introduced the broker.,The dean commended the shrink.,The sorcerer defended the dwarf.,The dwarf defended the sorcerer.,The sorcerer defended the dwarf.,The dwarf defended the sorcerer.,The broker introduced the donor.,The executive challenged the traveling salesman.,The donor introduced the broker.,The fanatic mollified the peace-lover.,The broker introduced the donor.,The donor introduced the broker.,The sorcerer defended the dwarf.,The dwarf defended the sorcerer.,The striker cited the chief.,The donor introduced the broker.,The nominee approved the candidate.,The sorcerer defended the dwarf.,The dwarf defended the sorcerer.
6,The zealot placated the pacifist.,The skater aggravated the hockey player.,The fanatic mollified the peace-lover.,The defender blamed the goalkeeper.,The asylum seeker goaded the vagrant.,The broker introduced the donor.,The vagrant goaded the asylum seeker.,The sorcerer defended the dwarf.,The dwarf defended the sorcerer.,The asylum seeker goaded the vagrant.,The vagrant goaded the asylum seeker.,The defender blamed the goalkeeper.,The dwarf defended the sorcerer.,The asylum seeker goaded the vagrant.,The sorcerer defended the dwarf.,The vagrant goaded the asylum seeker.,The zealot placated the pacifist.,The broker introduced the donor.,The asylum seeker goaded the vagrant.,The donor introduced the broker.,The defender blamed the goalkeeper.,The vagrant goaded the asylum seeker.,The dwarf defended the sorcerer.,The asylum seeker goaded the vagrant.,The sorcerer defended the dwarf.,The broker introduced the donor.,The dwarf defended the sorcerer.,The defender blamed the goalkeeper.,The asylum seeker goaded the vagrant.,The sorcerer defended the dwarf.,The chief cited the striker.,The striker cited the chief.,The dwarf defended the sorcerer.,The sorcerer defended the dwarf.,The asylum seeker goaded the vagrant.,The executive challenged the traveling salesman.,The vagrant goaded the asylum seeker.,The asylum seeker goaded the vagrant.,The broker introduced the donor.,The donor introduced the broker.,The vagrant goaded the asylum seeker.,The chief cited the striker.,The asylum seeker goaded the vagrant.,The striker cited the chief.,The defender blamed the goalkeeper.,The goalkeeper blamed the defender.,The asylum seeker goaded the vagrant.,The striker cited the chief.,The chief cited the striker.,The defender blamed the goalkeeper.
7,The hitter signaled the pitcher.,The chief cited the striker.,The defender blamed the goalkeeper.,The pitcher signaled the hitter.,The striker cited the chief.,The dwarf defended the sorcerer.,The sorcerer defended the dwarf.,The pitcher signaled the hitter.,The chief cited the striker.,The striker cited the chief.,The goalkeeper blamed the defender.,The pitcher signaled the hitter.,The striker cited the chief.,The chief cited the striker.,The defender blamed the goalkeeper.,The goalkeeper blamed the defender.,The chief cited the striker.,The defender blamed the goalkeeper.,The striker cited the chief.,The pitcher signaled the hitter.,The defendant belittled the go-between.,The pitcher signaled the hitter.,The hitter signaled the pitcher.,The nominee approved the candidate.,The chief cited the striker.,The broker introduced the donor.,The nominee approved the candidate.,The hitter signaled the pitcher.,The pitcher signaled the hitter.,The chief cited the striker.,The pitcher signaled the hitter.,The goalkeeper blamed the defender.,The defender blamed the goalkeeper.,The chief cited the striker.,The striker cited the chief.,The pitcher signaled the hitter.,The chief cited the striker.,The defendant belittled the go-between.,The striker cited the chief.,The asylum seeker goaded the vagrant.,The striker cited the chief.,The chief cited the striker.,The pitcher signaled the hitter.,The asylum seeker goaded the vagrant.,The defender blamed the goalkeeper.,The dwarf defended the sorcerer.,The chief cited the striker.,The sorcerer defended the dwarf.,The defender blamed the goalkeeper.,The nominee approved the candidate.
8,The chief cited the striker.,The pitcher signaled the hitter.,The defender blamed the goalkeeper.,The asylum seeker goaded the vagrant.,The striker cited the chief.,The sorcerer defended the dwarf.,The chief cited the striker.,The nominee approved the candidate.,The defender blamed the goalkeeper.,The candidate approved the nominee.,The striker cited the chief.,The pitcher signaled the hitter.,The defender blamed the goalkeeper.,The nominee approved the candidate.,The goalkeeper blamed the defender.,The candidate approved the nominee.,The nominee approved the candidate.,The striker cited the chief.,The chief cited the striker.,The defender blamed the goalkeeper.,The asylum seeker goaded the vagrant.,The chief cited the striker.,The hitter signaled the pitcher.,The defender blamed the goalkeeper.,The pitcher signaled the hitter.,The dwarf defended the sorcerer.,The striker cited the chief.,The nominee approved the candidate.,The defender blamed the goalkeeper.,The sorcerer defended the dwarf.,The chief cited the striker.,The pitcher signaled the hitter.,The defender blamed the goalkeeper.,The candidate approved the nominee.,The nominee approved the candidate.,The defendant belittled the go-between.,The goalkeeper blamed the defender.,The chief cited the striker.,The striker cited the chief.,The defender blamed the goalkeeper.,The pitcher signaled the hitter.,The chief cited the striker.,The defender blamed the goalkeeper.,The striker cited the chief.,The goalkeeper blamed the defender.,The striker cited the chief.,The candidate approved the nominee.,The defender blamed the goalkeeper.,The pitcher signaled the hitter.,The nominee approved the candidate.
9,The defender blamed the goalkeeper.,The trespasser choked the fighter.,The sorcerer defended the dwarf.,The pitcher signaled the hitter.,The asylum seeker goaded the vagrant.,The defender blamed the goalkeeper.,The opponent flustered the contender.,The hitter signaled the pitcher.,The contender flustered the opponent.,The pitcher signaled the hitter.,The defender blamed the goalkeeper.,The striker cited the chief.,The sorcerer defended the dwarf.,The chief cited the striker.,The pitcher signaled the hitter.,The hitter signaled the pitcher.,The sorcerer defended the dwarf.,The pitcher signaled the hitter.,The chief cited the striker.,The striker cited the chief.,The contender flustered the opponent.,The striker cited the chief.,The sorcerer defended the dwarf.,The pitcher signaled the hitter.,The translator deceived the courier.,The donor introduced the broker.,The hitter signaled the pitcher.,The broker introduced the donor.,The sorcerer defended the dwarf.,The pitcher signaled the hitter.,The defender blamed the goalkeeper.,The hitter signaled the pitcher.,The chief cited the striker.,The striker cited the chief.,The pitcher signaled the hitter.,The contender flustered the opponent.,The sorcerer defended the dwarf.,The pitcher signaled the hitter.,The broker introduced the donor.,The donor introduced the broker.,The nominee approved the candidate.,The pitcher signaled the hitter.,The broker introduced the donor.,The dwarf defended the sorcerer.,The sorcerer defended the dwarf.,The chief cited the striker.,The broker introduced the donor.,The sorcerer defended the dwarf.,The hitter signaled the pitcher.,The pitcher signaled the hitter.
10,The sorcerer defended the dwarf.,The asylum seeker goaded the vagrant.,The defender blamed the goalkeeper.,The chief cited the striker.,The striker cited the chief.,The opponent flustered the contender.,The asylum seeker goaded the vagrant.,The nominee approved the candidate.,The striker cited the chief.,The candidate approved the nominee.,The striker cited the chief.,The candidate approved the nominee.,The chief cited the striker.,The nominee approved the candidate.,The trespasser choked the fighter.,The actor emailed the screenwriter.,The chief cited the striker.,The asylum seeker goaded the vagrant.,The sorcerer defended the dwarf.,The striker cited the chief.,The actor emailed the screenwriter.,The screenwriter emailed the actor.,The candidate approved the nominee.,The nominee approved the candidate.,The asylum seeker goaded the vagrant.,The pitcher signaled the hitter.,The chief cited the striker.,The defender blamed the goalkeeper.,The striker cited the chief.,The goalkeeper blamed the defender.,The defender blamed the goalkeeper.,The sorcerer defended the dwarf.,The striker cited the chief.,The nominee approved the candidate.,The pitcher signaled the hitter.,The nominee approved the candidate.,The sorcerer defended the dwarf.,The trespasser choked the fighter.,The striker cited the chief.,The chief cited the striker.,The striker cited the chief.,The chief cited the striker.,The nominee approved the candidate.,The candidate approved the nominee.,The sorcerer defended the dwarf.,The nominee approved the candidate.,The chief cited the striker.,The sorcerer defended the dwarf.,The dwarf defended the sorcerer.,The striker cited the chief.
11,The shoemaker scorned the mason.,The foreman devastated the plumber.,The ex-wife punched the girlfriend.,The defendant belittled the go-between.,The asylum seeker goaded the vagrant.,The nominee approved the candidate.,The felon deprecated the intermediary.,The defendant belittled the go-between.,The foreman devastated the plumber.,The asylum seeker goaded the vagrant.,The nominee approved the candidate.,The foreman devastated the plumber.,The ex-wife punched the girlfriend.,The asylum seeker goaded the vagrant.,The defendant belittled the go-between.,The litigator begged the citizen.,The asylum seeker goaded the vagrant.,The foreman devastated the plumber.,The defendant belittled the go-between.,The ex-wife punched the girlfriend.,The litigator begged the citizen.,The ex-wife punched the girlfriend.,The asylum seeker goaded the vagrant.,The defendant belittled the go-between.,The foreman devastated the plumber.,The foreman devastated the plumber.,The candidate approved the nominee.,The asylum seeker goaded the vagrant.,The nominee approved the candidate.,The defendant belittled the go-between.,The ex-wife punched the girlfriend.,The defendant belittled the go-between.,The foreman devastated the plumber.,The asylum seeker goaded the vagrant.,The taxi-driver repulsed the postal worker.,The screenwriter emailed the actor.,The foreman devastated the plumber.,The ex-wife punched the girlfriend.,The asylum seeker goaded the vagrant.,The defendant belittled the go-between.,The shoemaker scorned the mason.,The screenwriter emailed the actor.,The foreman devastated the plumber.,The defendant belittled the go-between.,The asylum seeker goaded the vagrant.,The striker cited the chief.,The asylum seeker goaded the vagrant.,The foreman devastated the plumber.,The ex-wife punched the girlfriend.,The defendant belittled the go-between.
12,The defendant belittled the go-between.,The creditor assuaged the actuary.,The litigator begged the citizen.,The ex-wife punched the girlfriend.,The actuary assuaged the creditor.,The nominee approved the candidate.,The actuary assuaged the creditor.,The asylum seeker goaded the vagrant.,The missionary baffled the oracle.,The creditor assuaged the actuary.,The foreman devastated the plumber.,The creditor assuaged the actuary.,The ex-wife punched the girlfriend.,The actuary assuaged the creditor.,The litigator begged the citizen.,The defendant belittled the go-between.,The asylum seeker goaded the vagrant.,The barrister paid the photographer.,The creditor assuaged the actuary.,The actuary assuaged the creditor.,The screenwriter emailed the actor.,The ex-wife punched the girlfriend.,The asylum seeker goaded the vagrant.,The creditor assuaged the actuary.,The actuary assuaged the creditor.,The litigator begged the citizen.,The creditor assuaged the actuary.,The asylum seeker goaded the vagrant.,The actuary assuaged the creditor.,The ex-wife punched the girlfriend.,The creditor assuaged the actuary.,The asylum seeker goaded the vagrant.,The ex-wife punched the girlfriend.,The actuary assuaged the creditor.,The litigator begged the citizen.,The creditor assuaged the actuary.,The organizer persuaded the buyer.,The defendant belittled the go-between.,The ex-wife punched the girlfriend.,The actuary assuaged the creditor.,The actor emailed the screenwriter.,The actuary assuaged the creditor.,The creditor assuaged the actuary.,The ex-wife punched the girlfriend.,The screenwriter emailed the actor.,The evangelist mystified the soothsayer.,The ex-wife punched the girlfriend.,The asylum seeker goaded the vagrant.,The creditor assuaged the actuary.,The actuary assuaged the creditor.
13,The missionary baffled the oracle.,The creditor assuaged the actuary.,The ex-wife punched the girlfriend.,The wizard protected the gnome.,The actuary assuaged the creditor.,The welder visited the milkman.,The loyalist upset the infantryman.,The infantryman upset the loyalist.,The creditor assuaged the actuary.,The actuary assuaged the creditor.,The wizard protected the gnome.,The creditor assuaged the actuary.,The infantryman upset the loyalist.,The actuary assuaged the creditor.,The loyalist upset the infantryman.,The nominee approved the candidate.,The creditor assuaged the actuary.,The ex-wife punched the girlfriend.,The actuary assuaged the creditor.,The defendant belittled the go-between.,The missionary baffled the oracle.,The organizer persuaded the buyer.,The grocer invoiced the florist.,The creditor assuaged the actuary.,The actuary assuaged the creditor.,The loyalist upset the infantryman.,The creditor assuaged the actuary.,The ex-wife punched the girlfriend.,The missionary baffled the oracle.,The actuary assuaged the creditor.,The litigator begged the citizen.,The defendant belittled the go-between.,The ex-wife punched the girlfriend.,The actuary assuaged the creditor.,The welder visited the milkman.,The welder visited the milkman.,The litigator begged the citizen.,The creditor assuaged the actuary.,The actuary assuaged the creditor.,The ex-wife punched the girlfriend.,The infantryman upset the loyalist.,The wizard protected the gnome.,The missionary baffled the oracle.,The actuary assuaged the creditor.,The litigator begged the citizen.,The litigator begged the citizen.,The chief cited the striker.,The ex-wife punched the girlfriend.,The loyalist upset the infantryman.,The actuary assuaged the creditor.
14,The dwarf defended the sorcerer.,The landlady antagonized the miser.,The sorcerer defended the dwarf.,The creditor assuaged the actuary.,The actuary assuaged the creditor.,The loyalist upset the infantryman.,The creditor assuaged the actuary.,The landlady antagonized the miser.,The ex-wife punched the girlfriend.,The actuary assuaged the creditor.,The loyalist upset the infantryman.,The defendant belittled the go-between.,The envoy entertained the valet.,The creditor assuaged the actuary.,The actuary assuaged the creditor.,The landlady antagonized the miser.,The creditor assuaged the actuary.,The defendant belittled the go-between.,The actuary assuaged the creditor.,The ex-wife punched the girlfriend.,The loyalist upset the infantryman.,The landlady antagonized the miser.,The creditor assuaged the actuary.,The ex-wife punched the girlfriend.,The actuary assuaged the creditor.,The envoy entertained the valet.,The sorcerer defended the dwarf.,The actuary assuaged the creditor.,The ex-wife punched the girlfriend.,The dwarf defended the sorcerer.,The envoy entertained the valet.,The creditor assuaged the actuary.,The ex-wife punched the girlfriend.,The landlady antagonized the miser.,The actuary assuaged the creditor.,The defendant belittled the go-between.,The dwarf defended the sorcerer.,The loyalist upset the infantryman.,The barrister paid the photographer.,The actuary assuaged the creditor.,The ex-wife punched the girlfriend.,The creditor assuaged the actuary.,The landlady antagonized the miser.,The actuary assuaged the creditor.,The litigator begged the citizen.,The dwarf defended the sorcerer.,The defendant belittled the go-between.,The landlady antagonized the miser.,The creditor assuaged the actuary.,The actuary assuaged the creditor.
15,The grocer invoiced the florist.,The creditor assuaged the actuary.,The florist invoiced the grocer.,The actuary assuaged the creditor.,The landlady antagonized the miser.,The soprano loved the tenor.,The creditor assuaged the actuary.,The welder visited the milkman.,The landlady antagonized the miser.,The actuary assuaged the creditor.,The welder visited the milkman.,The actuary assuaged the creditor.,The sorcerer defended the dwarf.,The landlady antagonized the miser.,The dwarf defended the sorcerer.,The florist invoiced the grocer.,The nominee approved the candidate.,The actuary assuaged the creditor.,The landlady antagonized the miser.,The creditor assuaged the actuary.,The landlady antagonized the miser.,The florist invoiced the grocer.,The actuary assuaged the creditor.,The welder visited the milkman.,The creditor assuaged the actuary.,The welder visited the milkman.,The creditor assuaged the actuary.,The nominee approved the candidate.,The landlady antagonized the miser.,The actuary assuaged the creditor.,The welder visited the milkman.,The florist invoiced the grocer.,The landlady antagonized the miser.,The actuary assuaged the creditor.,The creditor assuaged the actuary.,The soprano loved the tenor.,The movie star favored the cinematographer.,The welder visited the milkman.,The landlady antagonized the miser.,The dwarf defended the sorcerer.,The welder visited the milkman.,The florist invoiced the grocer.,The actuary assuaged the creditor.,The creditor assuaged the actuary.,The landlady antagonized the miser.,The welder visited the milkman.,The creditor assuaged the actuary.,The florist invoiced the grocer.,The landlady antagonized the miser.,The actuary assuaged the creditor.
16,The dwarf defended the sorcerer.,The nominee approved the candidate.,The florist invoiced the grocer.,The actuary assuaged the creditor.,The creditor assuaged the actuary.,The sponsor presented the dealer.,The dwarf defended the sorcerer.,The florist invoiced the grocer.,The creditor assuaged the actuary.,The actuary assuaged the creditor.,The nominee approved the candidate.,The actuary assuaged the creditor.,The creditor assuaged the actuary.,The plaintiff accosted the thug.,The thug accosted the plaintiff.,The plaintiff accosted the thug.,The actuary assuaged the creditor.,The movie star favored the cinematographer.,The creditor assuaged the actuary.,The defendant belittled the go-between.,The actuary assuaged the creditor.,The chief cited the striker.,The soprano loved the tenor.,The sorcerer defended the dwarf.,The dwarf defended the sorcerer.,The landlady antagonized the miser.,The creditor assuaged the actuary.,The actuary assuaged the creditor.,The florist invoiced the grocer.,The dwarf defended the sorcerer.,The sorcerer defended the dwarf.,The dwarf defended the sorcerer.,The creditor assuaged the actuary.,The actuary assuaged the creditor.,The florist invoiced the grocer.,The landlady antagonized the miser.,The florist invoiced the grocer.,The creditor assuaged the actuary.,The dwarf defended the sorcerer.,The actuary assuaged the creditor.,The sorcerer defended the dwarf.,The florist invoiced the grocer.,The actuary assuaged the creditor.,The creditor assuaged the actuary.,The dwarf defended the sorcerer.,The dwarf defended the sorcerer.,The gymnast shoved the outsider.,The creditor assuaged the actuary.,The actuary assuaged the creditor.,The sorcerer defended the dwarf.
17,The dramatist envied the songwriter.,The candidate approved the nominee.,The nominee approved the candidate.,The dwarf defended the sorcerer.,The sorcerer defended the dwarf.,The grocer invoiced the florist.,The soprano loved the tenor.,The dwarf defended the sorcerer.,The sorcerer defended the dwarf.,The dramatist envied the songwriter.,The creditor assuaged the actuary.,The dwarf defended the sorcerer.,The sorcerer defended the dwarf.,The florist invoiced the grocer.,The dramatist envied the songwriter.,The barrister paid the photographer.,The farmer affronted the mapmaker.,The psychologist extolled the hairstylist.,The sorcerer defended the dwarf.,The dwarf defended the sorcerer.,The gymnast shoved the outsider.,The florist invoiced the grocer.,The dramatist envied the songwriter.,The dwarf defended the sorcerer.,The sorcerer defended the dwarf.,The nominee approved the candidate.,The dramatist envied the songwriter.,The soprano loved the tenor.,The dwarf defended the sorcerer.,The sorcerer defended the dwarf.,The grocer invoiced the florist.,The nominee approved the candidate.,The soprano loved the tenor.,The dramatist envied the songwriter.,The hitter signaled the pitcher.,The psychologist extolled the hairstylist.,The nominee approved the candidate.,The dramatist envied the songwriter.,The sorcerer defended the dwarf.,The dwarf defended the sorcerer.,The gymnast shoved the outsider.,The nominee approved the candidate.,The dwarf defended the sorcerer.,The sorcerer defended the dwarf.,The wizard protected the gnome.,The dramatist envied the songwriter.,The movie star favored the cinematographer.,The nominee approved the candidate.,The dwarf defended the sorcerer.,The sorcerer defended the dwarf.
18,The dramatist envied the songwriter.,The farmer affronted the mapmaker.,The sorcerer defended the dwarf.,The actuary assuaged the creditor.,The creditor assuaged the actuary.,The actuary assuaged the creditor.,The farmer affronted the mapmaker.,The dwarf defended the sorcerer.,The creditor assuaged the actuary.,The sorcerer defended the dwarf.,The encroacher strangled the warrior.,The dwarf defended the sorcerer.,The defendant belittled the go-between.,The sorcerer defended the dwarf.,The farmer affronted the mapmaker.,The psychologist extolled the hairstylist.,The defendant belittled the go-between.,The sorcerer defended the dwarf.,The candidate approved the nominee.,The dwarf defended the sorcerer.,The warlord hailed the mercenary.,The defendant belittled the go-between.,The dwarf defended the sorcerer.,The acrobat pushed the stranger.,The sorcerer defended the dwarf.,The acrobat pushed the stranger.,The candidate approved the nominee.,The nominee approved the candidate.,The dwarf defended the sorcerer.,The sorcerer defended the dwarf.,The candidate approved the nominee.,The felon deprecated the intermediary.,The nominee approved the candidate.,The dwarf defended the sorcerer.,The sorcerer defended the dwarf.,The soprano loved the tenor.,The acrobat pushed the stranger.,The nominee approved the candidate.,The sorcerer defended the dwarf.,The dwarf defended the sorcerer.,The nominee approved the candidate.,The defendant belittled the go-between.,The sorcerer defended the dwarf.,The gymnast shoved the outsider.,The dwarf defended the sorcerer.,The farmer affronted the mapmaker.,The minister saw the mailman.,The sorcerer defended the dwarf.,The actuary assuaged the creditor.,The dwarf defended the sorcerer.
19,The acrobat pushed the stranger.,The nominee approved the candidate.,The sorcerer defended the dwarf.,The candidate approved the nominee.,The dwarf defended the sorcerer.,The barrister paid the photographer.,The candidate approved the nominee.,The sorcerer defended the dwarf.,The dwarf defended the sorcerer.,The acrobat pushed the stranger.,The acrobat pushed the stranger.,The soprano loved the tenor.,The defendant belittled the go-between.,The sorcerer defended the dwarf.,The dwarf defended the sorcerer.,The hitter signaled the pitcher.,The sorcerer defended the dwarf.,The defendant belittled the go-between.,The dwarf defended the sorcerer.,The acrobat pushed the stranger.,The acrobat pushed the stranger.,The candidate approved the nominee.,The nominee approved the candidate.,The sorcerer defended the dwarf.,The dwarf defended the sorcerer.,The candidate approved the nominee.,The defendant belittled the go-between.,The acrobat pushed the stranger.,The dwarf defended the sorcerer.,The sorcerer defended the dwarf.,The acrobat pushed the stranger.,The soprano loved the tenor.,The dwarf defended the sorcerer.,The sorcerer defended the dwarf.,The mercenary hailed the warlord.,The pitcher signaled the hitter.,The defendant belittled the go-between.,The sorcerer defended the dwarf.,The dwarf defended the sorcerer.,The hitter signaled the pitcher.,The dramatist envied the songwriter.,The defendant belittled the go-between.,The acrobat pushed the stranger.,The dwarf defended the sorcerer.,The sorcerer defended the dwarf.,The defendant belittled the go-between.,The candidate approved the nominee.,The dwarf defended the sorcerer.,The sorcerer defended the dwarf.,The encroacher strangled the warrior.
20,The pitcher signaled the hitter.,The dwarf defended the sorcerer.,The nominee approved the candidate.,The defendant belittled the go-between.,The sorcerer defended the dwarf.,The sorcerer defended the dwarf.,The hitter signaled the pitcher.,The dwarf defended the sorcerer.,The pitcher signaled the hitter.,The striker cited the chief.,The pitcher signaled the hitter.,The striker cited the chief.,The defendant belittled the go-between.,The sorcerer defended the dwarf.,The dwarf defended the sorcerer.,The barrister paid the photographer.,The envoy entertained the valet.,The acrobat pushed the stranger.,The sorcerer defended the dwarf.,The dwarf defended the sorcerer.,The mercenary hailed the warlord.,The nominee approved the candidate.,The dwarf defended the sorcerer.,The defendant belittled the go-between.,The sorcerer defended the dwarf.,The acrobat pushed the stranger.,The dean commended the shrink.,The scoundrel beat the protagonist.,The sorcerer defended the dwarf.,The dwarf defended the sorcerer.,The envoy entertained the valet.,The defendant belittled the go-between.,The acrobat pushed the stranger.,The dwarf defended the sorcerer.,The sorcerer defended the dwarf.,The candidate approved the nominee.,The defendant belittled the go-between.,The mercenary hailed the warlord.,The sorcerer defended the dwarf.,The dwarf defended the sorcerer.,The acrobat pushed the stranger.,The dean commended the shrink.,The dwarf defended the sorcerer.,The defendant belittled the go-between.,The sorcerer defended the dwarf.,The acrobat pushed the stranger.,The defendant belittled the go-between.,The dwarf defended the sorcerer.,The mercenary hailed the warlord.,The sorcerer defended the dwarf.
21,The acrobat pushed the stranger.,The sorcerer defended the dwarf.,The go-between belittled the defendant.,The defendant belittled the go-between.,The dwarf defended the sorcerer.,The acrobat pushed the stranger.,The defendant belittled the go-between.,The encroacher strangled the warrior.,The dwarf defended the sorcerer.,The sorcerer defended the dwarf.,The acrobat pushed the stranger.,The weatherman annoyed the drummer.,The sorcerer defended the dwarf.,The dwarf defended the sorcerer.,The defendant belittled the go-between.,The encroacher strangled the warrior.,The go-between belittled the defendant.,The defendant belittled the go-between.,The dwarf defended the sorcerer.,The sorcerer defended the dwarf.,The go-between belittled the defendant.,The sorcerer defended the dwarf.,The dwarf defended the sorcerer.,The defendant belittled the go-between.,The encroacher strangled the warrior.,The farmer affronted the mapmaker.,The defendant belittled the go-between.,The weatherman annoyed the drummer.,The dwarf defended the sorcerer.,The sorcerer defended the dwarf.,The encroacher strangled the warrior.,The go-between belittled the defendant.,The sorcerer defended the dwarf.,The dwarf defended the sorcerer.,The defendant belittled the go-between.,The pitcher signaled the hitter.,The defendant belittled the go-between.,The sorcerer defended the dwarf.,The dwarf defended the sorcerer.,The encroacher strangled the warrior.,The encroacher strangled the warrior.,The striker cited the chief.,The sorcerer defended the dwarf.,The dwarf defended the sorcerer.,The defendant belittled the go-between.,The go-between belittled the defendant.,The encroacher strangled the warrior.,The defendant belittled the go-between.,The dwarf defended the sorcerer.,The sorcerer defended the dwarf.
22,The sorcerer defended the dwarf.,The barrister paid the photographer.,The dwarf defended the sorcerer.,The encroacher strangled the warrior.,The go-between belittled the defendant.,The go-between belittled the defendant.,The encroacher strangled the warrior.,The defendant belittled the go-between.,The dwarf defended the sorcerer.,The sorcerer defended the dwarf.,The weatherman annoyed the drummer.,The dwarf defended the sorcerer.,The encroacher strangled the warrior.,The barrister paid the photographer.,The sorcerer defended the dwarf.,The pitcher signaled the hitter.,The encroacher strangled the warrior.,The barrister paid the photographer.,The sorcerer defended the dwarf.,The dwarf defended the sorcerer.,The go-between belittled the defendant.,The pitcher signaled the hitter.,The dwarf defended the sorcerer.,The encroacher strangled the warrior.,The sorcerer defended the dwarf.,The farmer affronted the mapmaker.,The defendant belittled the go-between.,The barrister paid the photographer.,The sorcerer defended the dwarf.,The dwarf defended the sorcerer.,The barrister paid the photographer.,The encroacher strangled the warrior.,The weatherman annoyed the drummer.,The dwarf defended the sorcerer.,The sorcerer defended the dwarf.,The barrister paid the photographer.,The go-between belittled the defendant.,The defendant belittled the go-between.,The sorcerer defended the dwarf.,The dwarf defended the sorcerer.,The weatherman annoyed the drummer.,The barrister paid the photographer.,The encroacher strangled the warrior.,The dwarf defended the sorcerer.,The sorcerer defended the dwarf.,The defendant belittled the go-between.,The weatherman annoyed the drummer.,The sorcerer defended the dwarf.,The dwarf defended the sorcerer.,The barrister paid the photographer.
23,The barrister paid the photographer.,The dwarf defended the sorcerer.,The farmer affronted the mapmaker.,The defendant belittled the go-between.,The sorcerer defended the dwarf.,The barrister paid the photographer.,The sorcerer defended the dwarf.,The go-between belittled the defendant.,The dwarf defended the sorcerer.,The defendant belittled the go-between.,The go-between belittled the defendant.,The barrister paid the photographer.,The defendant belittled the go-between.,The sorcerer defended the dwarf.,The dwarf defended the sorcerer.,The barrister paid the photographer.,The go-between belittled the defendant.,The defendant belittled the go-between.,The dwarf defended the sorcerer.,The sorcerer defended the dwarf.,The weatherman annoyed the drummer.,The sorcerer defended the dwarf.,The dwarf defended the sorcerer.,The barrister paid the photographer.,The encroacher strangled the warrior.,The go-between belittled the defendant.,The defendant belittled the go-between.,The sorcerer defended the dwarf.,The dwarf defended the sorcerer.,The barrister paid the photographer.,The weatherman annoyed the drummer.,The farmer affronted the mapmaker.,The defendant belittled the go-between.,The dwarf defended the sorcerer.,The sorcerer defended the dwarf.,The go-between belittled the defendant.,The defendant belittled the go-between.,The barrister paid the photographer.,The sorcerer defended the dwarf.,The dwarf defended the sorcerer.,The go-between belittled the defendant.,The dwarf defended the sorcerer.,The weatherman annoyed the drummer.,The sorcerer defended the dwarf.,The barrister paid the photographer.,The encroacher strangled the warrior.,The sorcerer defended the dwarf.,The dwarf defended the sorcerer.,The barrister paid the photographer.,The defendant belittled the go-between.
24,The go-between belittled the defendant.,The defendant belittled the go-between.,The barrister paid the photographer.,The sorcerer defended the dwarf.,The dwarf defended the sorcerer.,The sorcerer defended the dwarf.,The dwarf defended the sorcerer.,The barrister paid the photographer.,The farmer affronted the mapmaker.,The encroacher strangled the warrior.,The barrister paid the photographer.,The defendant belittled the go-between.,The farmer affronted the mapmaker.,The dwarf defended the sorcerer.,The sorcerer defended the dwarf.,The barrister paid the photographer.,The farmer affronted the mapmaker.,The dwarf defended the sorcerer.,The sorcerer defended the dwarf.,The weatherman annoyed the drummer.,The scoundrel beat the protagonist.,The sorcerer defended the dwarf.,The dwarf defended the sorcerer.,The defendant belittled the go-between.,The go-between belittled the defendant.,The barrister paid the photographer.,The farmer affronted the mapmaker.,The dwarf defended the sorcerer.,The sorcerer defended the dwarf.,The defendant belittled the go-between.,The go-between belittled the defendant.,The barrister paid the photographer.,The defendant belittled the go-between.,The sorcerer defended the dwarf.,The dwarf defended the sorcerer.,The barrister paid the photographer.,The defendant belittled the go-between.,The farmer affronted the mapmaker.,The dwarf defended the sorcerer.,The sorcerer defended the dwarf.,The farmer affronted the mapmaker.,The defendant belittled the go-between.,The dwarf defended the sorcerer.,The barrister paid the photographer.,The weatherman annoyed the drummer.,The barrister paid the photographer.,The encroacher strangled the warrior.,The sorcerer defended the dwarf.,The dwarf defended the sorcerer.,The weatherman annoyed the drummer.
25,The sorcerer defended the dwarf.,The farmer affronted the mapmaker.,The dwarf defended the sorcerer.,The encroacher strangled the warrior.,The weatherman annoyed the drummer.,The defendant belittled the go-between.,The farmer affronted the mapmaker.,The dwarf defended the sorcerer.,The encroacher strangled the warrior.,The sorcerer defended the dwarf.,The barrister paid the photographer.,The envoy entertained the valet.,The farmer affronted the mapmaker.,The sorcerer defended the dwarf.,The dwarf defended the sorcerer.,The barrister paid the photographer.,The sorcerer defended the dwarf.,The defendant belittled the go-between.,The farmer affronted the mapmaker.,The weatherman annoyed the drummer.,The defendant belittled the go-between.,The sorcerer defended the dwarf.,The farmer affronted the mapmaker.,The weatherman annoyed the drummer.,The dwarf defended the sorcerer.,The encroacher strangled the warrior.,The dwarf defended the sorcerer.,The weatherman annoyed the drummer.,The farmer affronted the mapmaker.,The sorcerer defended the dwarf.,The weatherman annoyed the drummer.,The defendant belittled the go-between.,The dwarf defended the sorcerer.,The sorcerer defended the dwarf.,The farmer affronted the mapmaker.,The defendant belittled the go-between.,The encroacher strangled the warrior.,The barrister paid the photographer.,The farmer affronted the mapmaker.,The sorcerer defended the dwarf.,The weatherman annoyed the drummer.,The barrister paid the photographer.,The encroacher strangled the warrior.,The farmer affronted the mapmaker.,The defendant belittled the go-between.,The dwarf defended the sorcerer.,The defendant belittled the go-between.,The sorcerer defended the dwarf.,The farmer affronted the mapmaker.,The weatherman annoyed the drummer.
26,The mapmaker affronted the farmer.,The dwarf defended the sorcerer.,The farmer affronted the mapmaker.,The weatherman annoyed the drummer.,The sorcerer defended the dwarf.,The defendant belittled the go-between.,The encroacher strangled the warrior.,The dwarf defended the sorcerer.,The farmer affronted the mapmaker.,The sorcerer defended the dwarf.,The barrister paid the photographer.,The farmer affronted the mapmaker.,The weatherman annoyed the drummer.,The dwarf defended the sorcerer.,The sorcerer defended the dwarf.,The weatherman annoyed the drummer.,The barrister paid the photographer.,The dwarf defended the sorcerer.,The sorcerer defended the dwarf.,The farmer affronted the mapmaker.,The dean commended the shrink.,The weatherman annoyed the drummer.,The farmer affronted the mapmaker.,The sorcerer defended the dwarf.,The dwarf defended the sorcerer.,The dwarf defended the sorcerer.,The weatherman annoyed the drummer.,The sorcerer defended the dwarf.,The defendant belittled the go-between.,The farmer affronted the mapmaker.,The farmer affronted the mapmaker.,The weatherman annoyed the drummer.,The envoy entertained the valet.,The dwarf defended the sorcerer.,The sorcerer defended the dwarf.,The encroacher strangled the warrior.,The weatherman annoyed the drummer.,The dwarf defended the sorcerer.,The sorcerer defended the dwarf.,The farmer affronted the mapmaker.,The weatherman annoyed the drummer.,The sorcerer defended the dwarf.,The envoy entertained the valet.,The barrister paid the photographer.,The dwarf defended the sorcerer.,The defendant belittled the go-between.,The weatherman annoyed the drummer.,The dwarf defended the sorcerer.,The farmer affronted the mapmaker.,The sorcerer defended the dwarf.
27,The dean commended the shrink.,The dwarf defended the sorcerer.,The weatherman annoyed the drummer.,The sorcerer defended the dwarf.,The encroacher strangled the warrior.,The photographer paid the barrister.,The weatherman annoyed the drummer.,The barrister paid the photographer.,The dwarf defended the sorcerer.,The sorcerer defended the dwarf.,The barrister paid the photographer.,The mapmaker affronted the farmer.,The farmer affronted the mapmaker.,The weatherman annoyed the drummer.,The dean commended the shrink.,The encroacher strangled the warrior.,The farmer affronted the mapmaker.,The sorcerer defended the dwarf.,The weatherman annoyed the drummer.,The dean commended the shrink.,The barrister paid the photographer.,The sorcerer defended the dwarf.,The dean commended the shrink.,The farmer affronted the mapmaker.,The encroacher strangled the warrior.,The weatherman annoyed the drummer.,The sorcerer defended the dwarf.,The farmer affronted the mapmaker.,The barrister paid the photographer.,The encroacher strangled the warrior.,The mapmaker affronted the farmer.,The farmer affronted the mapmaker.,The weatherman annoyed the drummer.,The encroacher strangled the warrior.,The sorcerer defended the dwarf.,The barrister paid the photographer.,The encroacher strangled the warrior.,The weatherman annoyed the drummer.,The sorcerer defended the dwarf.,The dwarf defended the sorcerer.,The hairdresser lauded the therapist.,The weatherman annoyed the drummer.,The sorcerer defended the dwarf.,The dean commended the shrink.,The farmer affronted the mapmaker.,The farmer affronted the mapmaker.,The weatherman annoyed the drummer.,The encroacher strangled the warrior.,The sorcerer defended the dwarf.,The dwarf defended the sorcerer.
28,The hairdresser lauded the therapist.,The dean commended the shrink.,The sorcerer defended the dwarf.,The dwarf defended the sorcerer.,The weatherman annoyed the drummer.,The farmer affronted the mapmaker.,The mapmaker affronted the farmer.,The dwarf defended the sorcerer.,The weatherman annoyed the drummer.,The sorcerer defended the dwarf.,The psychiatrist applauded the provost.,The dean commended the shrink.,The weatherman annoyed the drummer.,The farmer affronted the mapmaker.,The provost applauded the psychiatrist.,The encroacher strangled the warrior.,The dwarf defended the sorcerer.,The farmer affronted the mapmaker.,The weatherman annoyed the drummer.,The sorcerer defended the dwarf.,The sorcerer defended the dwarf.,The weatherman annoyed the drummer.,The encroacher strangled the warrior.,The farmer affronted the mapmaker.,The mapmaker affronted the farmer.,The envoy entertained the valet.,The farmer affronted the mapmaker.,The dwarf defended the sorcerer.,The sorcerer defended the dwarf.,The weatherman annoyed the drummer.,The farmer affronted the mapmaker.,The psychiatrist applauded the provost.,The encroacher strangled the warrior.,The dean commended the shrink.,The weatherman annoyed the drummer.,The mapmaker affronted the farmer.,The sorcerer defended the dwarf.,The encroacher strangled the warrior.,The weatherman annoyed the drummer.,The farmer affronted the mapmaker.,The mapmaker affronted the farmer.,The farmer affronted the mapmaker.,The sorcerer defended the dwarf.,The dwarf defended the sorcerer.,The weatherman annoyed the drummer.,The dwarf defended the sorcerer.,The sorcerer defended the dwarf.,The dean commended the shrink.,The farmer affronted the mapmaker.,The weatherman annoyed the drummer.
29,The provost applauded the psychiatrist.,The weatherman annoyed the drummer.,The dwarf defended the sorcerer.,The dean commended the shrink.,The sorcerer defended the dwarf.,The psychiatrist applauded the provost.,The weatherman annoyed the drummer.,The provost applauded the psychiatrist.,The patrolman trusted the foreigner.,The dean commended the shrink.,The mapmaker affronted the farmer.,The encroacher strangled the warrior.,The dwarf defended the sorcerer.,The weatherman annoyed the drummer.,The sorcerer defended the dwarf.,The farmer affronted the mapmaker.,The dean commended the shrink.,The weatherman annoyed the drummer.,The dwarf defended the sorcerer.,The sorcerer defended the dwarf.,The provost applauded the psychiatrist.,The farmer affronted the mapmaker.,The weatherman annoyed the drummer.,The dean commended the shrink.,The mapmaker affronted the farmer.,The farmer affronted the mapmaker.,The encroacher strangled the warrior.,The dean commended the shrink.,The weatherman annoyed the drummer.,The sorcerer defended the dwarf.,The pitcher signaled the hitter.,The farmer affronted the mapmaker.,The provost applauded the psychiatrist.,The sorcerer defended the dwarf.,The dean commended the shrink.,The mapmaker affronted the farmer.,The farmer affronted the mapmaker.,The sorcerer defended the dwarf.,The weatherman annoyed the drummer.,The dwarf defended the sorcerer.,The pitcher signaled the hitter.,The provost applauded the psychiatrist.,The dwarf defended the sorcerer.,The weatherman annoyed the drummer.,The sorcerer defended the dwarf.,The encroacher strangled the warrior.,The weatherman annoyed the drummer.,The sorcerer defended the dwarf.,The dean commended the shrink.,The farmer affronted the mapmaker.
30,The weatherman annoyed the drummer.,The mapmaker affronted the farmer.,The farmer affronted the mapmaker.,The sorcerer defended the dwarf.,The dwarf defended the sorcerer.,The sorcerer defended the dwarf.,The weatherman annoyed the drummer.,The dean commended the shrink.,The encroacher strangled the warrior.,The mapmaker affronted the farmer.,The farmer affronted the mapmaker.,The encroacher strangled the warrior.,The dwarf defended the sorcerer.,The dean commended the shrink.,The sorcerer defended the dwarf.,The dean commended the shrink.,The sorcerer defended the dwarf.,The farmer affronted the mapmaker.,The dwarf defended the sorcerer.,The weatherman annoyed the drummer.,The felon deprecated the intermediary.,The dwarf defended the sorcerer.,The farmer affronted the mapmaker.,The sorcerer defended the dwarf.,The dean commended the shrink.,The provost applauded the psychiatrist.,The farmer affronted the mapmaker.,The dwarf defended the sorcerer.,The sorcerer defended the dwarf.,The dean commended the shrink.,The farmer affronted the mapmaker.,The encroacher strangled the warrior.,The dwarf defended the sorcerer.,The dean commended the shrink.,The sorcerer defended the dwarf.,The farmer affronted the mapmaker.,The dean commended the shrink.,The dwarf defended the sorcerer.,The sorcerer defended the dwarf.,The weatherman annoyed the drummer.,The weatherman annoyed the drummer.,The farmer affronted the mapmaker.,The mapmaker affronted the farmer.,The sorcerer defended the dwarf.,The dean commended the shrink.,The provost applauded the psychiatrist.,The farmer affronted the mapmaker.,The mapmaker affronted the farmer.,The dean commended the shrink.,The weatherman annoyed the drummer.
31,The psychiatrist applauded the provost.,The dwarf defended the sorcerer.,The sorcerer defended the dwarf.,The provost applauded the psychiatrist.,The dean commended the shrink.,The encroacher strangled the warrior.,The dwarf defended the sorcerer.,The provost applauded the psychiatrist.,The dean commended the shrink.,The sorcerer defended the dwarf.,The weatherman annoyed the drummer.,The mapmaker affronted the farmer.,The dean commended the shrink.,The dwarf defended the sorcerer.,The sorcerer defended the dwarf.,The farmer affronted the mapmaker.,The weatherman annoyed the drummer.,The dean commended the shrink.,The dwarf defended the sorcerer.,The sorcerer defended the dwarf.,The weatherman annoyed the drummer.,The dwarf defended the sorcerer.,The sorcerer defended the dwarf.,The farmer affronted the mapmaker.,The dean commended the shrink.,The provost applauded the psychiatrist.,The dean commended the shrink.,The dwarf defended the sorcerer.,The weatherman annoyed the drummer.,The sorcerer defended the dwarf.,The psychiatrist applauded the provost.,The weatherman annoyed the drummer.,The dwarf defended the sorcerer.,The sorcerer defended the dwarf.,The dean commended the shrink.,The provost applauded the psychiatrist.,The sorcerer defended the dwarf.,The weatherman annoyed the drummer.,The dwarf defended the sorcerer.,The dean commended the shrink.,The psychiatrist applauded the provost.,The provost applauded the psychiatrist.,The farmer affronted the mapmaker.,The weatherman annoyed the drummer.,The dean commended the shrink.,The farmer affronted the mapmaker.,The weatherman annoyed the drummer.,The dwarf defended the sorcerer.,The dean commended the shrink.,The sorcerer defended the dwarf.
32,The psychiatrist applauded the provost.,The dean commended the shrink.,The dwarf defended the sorcerer.,The provost applauded the psychiatrist.,The sorcerer defended the dwarf.,The encroacher strangled the warrior.,The dwarf defended the sorcerer.,The provost applauded the psychiatrist.,The dean commended the shrink.,The sorcerer defended the dwarf.,The provost applauded the psychiatrist.,The encroacher strangled the warrior.,The weatherman annoyed the drummer.,The dwarf defended the sorcerer.,The sorcerer defended the dwarf.,The weatherman annoyed the drummer.,The sorcerer defended the dwarf.,The shrink commended the dean.,The dean commended the shrink.,The dwarf defended the sorcerer.,The weatherman annoyed the drummer.,The dwarf defended the sorcerer.,The dean commended the shrink.,The sorcerer defended the dwarf.,The provost applauded the psychiatrist.,The weatherman annoyed the drummer.,The dwarf defended the sorcerer.,The provost applauded the psychiatrist.,The sorcerer defended the dwarf.,The dean commended the shrink.,The hairdresser lauded the therapist.,The provost applauded the psychiatrist.,The dwarf defended the sorcerer.,The dean commended the shrink.,The sorcerer defended the dwarf.,The shrink commended the dean.,The provost applauded the psychiatrist.,The dean commended the shrink.,The sorcerer defended the dwarf.,The dwarf defended the sorcerer.,The shrink commended the dean.,The dwarf defended the sorcerer.,The provost applauded the psychiatrist.,The dean commended the shrink.,The sorcerer defended the dwarf.,The weatherman annoyed the drummer.,The provost applauded the psychiatrist.,The dean commended the shrink.,The sorcerer defended the dwarf.,The dwarf defended the sorcerer.
33,The provost applauded the psychiatrist.,The dean commended the shrink.,The sorcerer defended the dwarf.,The dwarf defended the sorcerer.,The weatherman annoyed the drummer.,The shrink commended the dean.,The provost applauded the psychiatrist.,The dwarf defended the sorcerer.,The sorcerer defended the dwarf.,The dean commended the shrink.,The farmer affronted the mapmaker.,The dwarf defended the sorcerer.,The dean commended the shrink.,The weatherman annoyed the drummer.,The sorcerer defended the dwarf.,The mapmaker affronted the farmer.,The weatherman annoyed the drummer.,The dean commended the shrink.,The sorcerer defended the dwarf.,The dwarf defended the sorcerer.,The farmer affronted the mapmaker.,The sorcerer defended the dwarf.,The weatherman annoyed the drummer.,The dean commended the shrink.,The dwarf defended the sorcerer.,The mapmaker affronted the farmer.,The thug accosted the plaintiff.,The weatherman annoyed the drummer.,The dwarf defended the sorcerer.,The sorcerer defended the dwarf.,The encroacher strangled the warrior.,The plaintiff accosted the thug.,The dwarf defended the sorcerer.,The weatherman annoyed the drummer.,The sorcerer defended the dwarf.,The farmer affronted the mapmaker.,The weatherman annoyed the drummer.,The provost applauded the psychiatrist.,The sorcerer defended the dwarf.,The dwarf defended the sorcerer.,The farmer affronted the mapmaker.,The mapmaker affronted the farmer.,The weatherman annoyed the drummer.,The dwarf defended the sorcerer.,The sorcerer defended the dwarf.,The provost applauded the psychiatrist.,The weatherman annoyed the drummer.,The dean commended the shrink.,The dwarf defended the sorcerer.,The sorcerer defended the dwarf.
34,The plaintiff accosted the thug.,The dwarf defended the sorcerer.,The sorcerer defended the dwarf.,The weatherman annoyed the drummer.,The dean commended the shrink.,The farmer affronted the mapmaker.,The weatherman annoyed the drummer.,The dean commended the shrink.,The sorcerer defended the dwarf.,The dwarf defended the sorcerer.,The plaintiff accosted the thug.,The dean commended the shrink.,The dwarf defended the sorcerer.,The sorcerer defended the dwarf.,The weatherman annoyed the drummer.,The farmer affronted the mapmaker.,The shrink commended the dean.,The dean commended the shrink.,The dwarf defended the sorcerer.,The sorcerer defended the dwarf.,The plaintiff accosted the thug.,The dean commended the shrink.,The weatherman annoyed the drummer.,The dwarf defended the sorcerer.,The sorcerer defended the dwarf.,The plaintiff accosted the thug.,The weatherman annoyed the drummer.,The dean commended the shrink.,The dwarf defended the sorcerer.,The sorcerer defended the dwarf.,The shrink commended the dean.,The dean commended the shrink.,The weatherman annoyed the drummer.,The sorcerer defended the dwarf.,The dwarf defended the sorcerer.,The plaintiff accosted the thug.,The dean commended the shrink.,The sorcerer defended the dwarf.,The weatherman annoyed the drummer.,The dwarf defended the sorcerer.,The weatherman annoyed the drummer.,The dwarf defended the sorcerer.,The farmer affronted the mapmaker.,The dean commended the shrink.,The sorcerer defended the dwarf.,The plaintiff accosted the thug.,The weatherman annoyed the drummer.,The dean commended the shrink.,The dwarf defended the sorcerer.,The sorcerer defended the dwarf.
35,The dwarf defended the sorcerer.,The psychologist extolled the hairstylist.,The hairstylist extolled the psychologist.,The weatherman annoyed the drummer.,The sorcerer defended the dwarf.,The hairdresser lauded the therapist.,The dean commended the shrink.,The weatherman annoyed the drummer.,The sorcerer defended the dwarf.,The dwarf defended the sorcerer.,The hairstylist extolled the psychologist.,The weatherman annoyed the drummer.,The dean commended the shrink.,The dwarf defended the sorcerer.,The sorcerer defended the dwarf.,The weatherman annoyed the drummer.,The shrink commended the dean.,The dwarf defended the sorcerer.,The dean commended the shrink.,The sorcerer defended the dwarf.,The dean commended the shrink.,The plaintiff accosted the thug.,The weatherman annoyed the drummer.,The dwarf defended the sorcerer.,The sorcerer defended the dwarf.,The hairstylist extolled the psychologist.,The weatherman annoyed the drummer.,The dean commended the shrink.,The sorcerer defended the dwarf.,The dwarf defended the sorcerer.,The hairdresser lauded the therapist.,The dean commended the shrink.,The sorcerer defended the dwarf.,The weatherman annoyed the drummer.,The dwarf defended the sorcerer.,The psychologist extolled the hairstylist.,The dean commended the shrink.,The dwarf defended the sorcerer.,The weatherman annoyed the drummer.,The sorcerer defended the dwarf.,The hairstylist extolled the psychologist.,The dean commended the shrink.,The sorcerer defended the dwarf.,The dwarf defended the sorcerer.,The weatherman annoyed the drummer.,The dean commended the shrink.,The encroacher strangled the warrior.,The weatherman annoyed the drummer.,The sorcerer defended the dwarf.,The dwarf defended the sorcerer.
36,The shrink commended the dean.,The sorcerer defended the dwarf.,The dean commended the shrink.,The provost applauded the psychiatrist.,The dwarf defended the sorcerer.,The barrister paid the photographer.,The hairdresser lauded the therapist.,The dwarf defended the sorcerer.,The sorcerer defended the dwarf.,The weatherman annoyed the drummer.,The weatherman annoyed the drummer.,The hairdresser lauded the therapist.,The dean commended the shrink.,The dwarf defended the sorcerer.,The sorcerer defended the dwarf.,The dean commended the shrink.,The hairdresser lauded the therapist.,The weatherman annoyed the drummer.,The dwarf defended the sorcerer.,The sorcerer defended the dwarf.,The weatherman annoyed the drummer.,The sorcerer defended the dwarf.,The dwarf defended the sorcerer.,The barrister paid the photographer.,The dean commended the shrink.,The provost applauded the psychiatrist.,The weatherman annoyed the drummer.,The sorcerer defended the dwarf.,The hairdresser lauded the therapist.,The dwarf defended the sorcerer.,The provost applauded the psychiatrist.,The hairdresser lauded the therapist.,The dwarf defended the sorcerer.,The weatherman annoyed the drummer.,The sorcerer defended the dwarf.,The barrister paid the photographer.,The dean commended the shrink.,The weatherman annoyed the drummer.,The dwarf defended the sorcerer.,The sorcerer defended the dwarf.,The hairdresser lauded the therapist.,The provost applauded the psychiatrist.,The dean commended the shrink.,The dwarf defended the sorcerer.,The sorcerer defended the dwarf.,The plaintiff accosted the thug.,The sorcerer defended the dwarf.,The weatherman annoyed the drummer.,The dwarf defended the sorcerer.,The thug accosted the plaintiff.
37,The mapmaker affronted the farmer.,The dean commended the shrink.,The weatherman annoyed the drummer.,The dwarf defended the sorcerer.,The sorcerer defended the dwarf.,The weatherman annoyed the drummer.,The thug accosted the plaintiff.,The dean commended the shrink.,The sorcerer defended the dwarf.,The dwarf defended the sorcerer.,The shrink commended the dean.,The weatherman annoyed the drummer.,The dwarf defended the sorcerer.,The dean commended the shrink.,The sorcerer defended the dwarf.,The hairstylist extolled the psychologist.,The dean commended the shrink.,The weatherman annoyed the drummer.,The dwarf defended the sorcerer.,The sorcerer defended the dwarf.,The hairdresser lauded the therapist.,The dean commended the shrink.,The weatherman annoyed the drummer.,The dwarf defended the sorcerer.,The sorcerer defended the dwarf.,The provost applauded the psychiatrist.,The weatherman annoyed the drummer.,The dean commended the shrink.,The sorcerer defended the dwarf.,The dwarf defended the sorcerer.,The dwarf defended the sorcerer.,The sorcerer defended the dwarf.,The dean commended the shrink.,The weatherman annoyed the drummer.,The hairstylist extolled the psychologist.,The provost applauded the psychiatrist.,The weatherman annoyed the drummer.,The hairdresser lauded the therapist.,The dean commended the shrink.,The shrink commended the dean.,The shrink commended the dean.,The hairdresser lauded the therapist.,The dean commended the shrink.,The dwarf defended the sorcerer.,The sorcerer defended the dwarf.,The hairdresser lauded the therapist.,The weatherman annoyed the drummer.,The dean commended the shrink.,The dwarf defended the sorcerer.,The sorcerer defended the dwarf.
38,The hairdresser lauded the therapist.,The sorcerer defended the dwarf.,The hairstylist extolled the psychologist.,The dean commended the shrink.,The dwarf defended the sorcerer.,The provost applauded the psychiatrist.,The sorcerer defended the dwarf.,The weatherman annoyed the drummer.,The dean commended the shrink.,The dwarf defended the sorcerer.,The barrister paid the photographer.,The hairdresser lauded the therapist.,The weatherman annoyed the drummer.,The sorcerer defended the dwarf.,The dwarf defended the sorcerer.,The thug accosted the plaintiff.,The dean commended the shrink.,The weatherman annoyed the drummer.,The dwarf defended the sorcerer.,The sorcerer defended the dwarf.,The hairdresser lauded the therapist.,The dean commended the shrink.,The sorcerer defended the dwarf.,The dwarf defended the sorcerer.,The weatherman annoyed the drummer.,The thug accosted the plaintiff.,The weatherman annoyed the drummer.,The dean commended the shrink.,The dwarf defended the sorcerer.,The sorcerer defended the dwarf.,The messenger swindled the interpreter.,The barrister paid the photographer.,The weatherman annoyed the drummer.,The dwarf defended the sorcerer.,The sorcerer defended the dwarf.,The hairstylist extolled the psychologist.,The messenger swindled the interpreter.,The sorcerer defended the dwarf.,The dwarf defended the sorcerer.,The weatherman annoyed the drummer.,The weatherman annoyed the drummer.,The dean commended the shrink.,The barrister paid the photographer.,The dwarf defended the sorcerer.,The sorcerer defended the dwarf.,The hairstylist extolled the psychologist.,The dwarf defended the sorcerer.,The sorcerer defended the dwarf.,The weatherman annoyed the drummer.,The envoy entertained the valet.
39,The messenger swindled the interpreter.,The weatherman annoyed the drummer.,The sorcerer defended the dwarf.,The dean commended the shrink.,The dwarf defended the sorcerer.,The psychiatrist applauded the provost.,The provost applauded the psychiatrist.,The weatherman annoyed the drummer.,The dwarf defended the sorcerer.,The dean commended the shrink.,The hairstylist extolled the psychologist.,The sorcerer defended the dwarf.,The dwarf defended the sorcerer.,The weatherman annoyed the drummer.,The messenger swindled the interpreter.,The messenger swindled the interpreter.,The thug accosted the plaintiff.,The weatherman annoyed the drummer.,The sorcerer defended the dwarf.,The dwarf defended the sorcerer.,The encroacher strangled the warrior.,The striker cited the chief.,The weatherman annoyed the drummer.,The dwarf defended the sorcerer.,The sorcerer defended the dwarf.,The thug accosted the plaintiff.,The striker cited the chief.,The dean commended the shrink.,The dwarf defended the sorcerer.,The weatherman annoyed the drummer.,The plaintiff accosted the thug.,The thug accosted the plaintiff.,The weatherman annoyed the drummer.,The sorcerer defended the dwarf.,The dwarf defended the sorcerer.,The plaintiff accosted the thug.,The sorcerer defended the dwarf.,The weatherman annoyed the drummer.,The thug accosted the plaintiff.,The dwarf defended the sorcerer.,The admiral accompanied the lieutenant.,The provost applauded the psychiatrist.,The dwarf defended the sorcerer.,The sorcerer defended the dwarf.,The dean commended the shrink.,The hairdresser lauded the therapist.,The sorcerer defended the dwarf.,The weatherman annoyed the drummer.,The dean commended the shrink.,The dwarf defended the sorcerer.
40,The thug accosted the plaintiff.,The dean commended the shrink.,The sorcerer defended the dwarf.,The weatherman annoyed the drummer.,The dwarf defended the sorcerer.,The dean commended the shrink.,The hairdresser lauded the therapist.,The weatherman annoyed the drummer.,The dwarf defended the sorcerer.,The sorcerer defended the dwarf.,The encroacher strangled the warrior.,The provost applauded the psychiatrist.,The dwarf defended the sorcerer.,The sorcerer defended the dwarf.,The weatherman annoyed the drummer.,The messenger swindled the interpreter.,The encroacher strangled the warrior.,The sorcerer defended the dwarf.,The weatherman annoyed the drummer.,The dwarf defended the sorcerer.,The patrolman trusted the foreigner.,The sorcerer defended the dwarf.,The striker cited the chief.,The dwarf defended the sorcerer.,The weatherman annoyed the drummer.,The encroacher strangled the warrior.,The sorcerer defended the dwarf.,The dwarf defended the sorcerer.,The weatherman annoyed the drummer.,The messenger swindled the interpreter.,The encroacher strangled the warrior.,The messenger swindled the interpreter.,The dwarf defended the sorcerer.,The sorcerer defended the dwarf.,The weatherman annoyed the drummer.,The dean commended the shrink.,The messenger swindled the interpreter.,The sorcerer defended the dwarf.,The dwarf defended the sorcerer.,The weatherman annoyed the drummer.,The thug accosted the plaintiff.,The dean commended the shrink.,The weatherman annoyed the drummer.,The sorcerer defended the dwarf.,The dwarf defended the sorcerer.,The fool puzzled the swindler.,The messenger swindled the interpreter.,The dwarf defended the sorcerer.,The weatherman annoyed the drummer.,The sorcerer defended the dwarf.
41,The hairdresser lauded the therapist.,The pitcher signaled the hitter.,The dwarf defended the sorcerer.,The weatherman annoyed the drummer.,The sorcerer defended the dwarf.,The hairdresser lauded the therapist.,The thug accosted the plaintiff.,The sorcerer defended the dwarf.,The dwarf defended the sorcerer.,The weatherman annoyed the drummer.,The thug accosted the plaintiff.,The dwarf defended the sorcerer.,The sorcerer defended the dwarf.,The hairdresser lauded the therapist.,The weatherman annoyed the drummer.,The hairdresser lauded the therapist.,The provost applauded the psychiatrist.,The sorcerer defended the dwarf.,The dwarf defended the sorcerer.,The weatherman annoyed the drummer.,The envoy entertained the valet.,The messenger swindled the interpreter.,The sorcerer defended the dwarf.,The dwarf defended the sorcerer.,The weatherman annoyed the drummer.,The dean commended the shrink.,The hairdresser lauded the therapist.,The weatherman annoyed the drummer.,The dwarf defended the sorcerer.,The sorcerer defended the dwarf.,The hairdresser lauded the therapist.,The provost applauded the psychiatrist.,The weatherman annoyed the drummer.,The dwarf defended the sorcerer.,The sorcerer defended the dwarf.,The dean commended the shrink.,The thug accosted the plaintiff.,The weatherman annoyed the drummer.,The sorcerer defended the dwarf.,The dwarf defended the sorcerer.,The dean commended the shrink.,The barrister paid the photographer.,The sorcerer defended the dwarf.,The weatherman annoyed the drummer.,The dwarf defended the sorcerer.,The provost applauded the psychiatrist.,The weatherman annoyed the drummer.,The dwarf defended the sorcerer.,The patrolman trusted the foreigner.,The sorcerer defended the dwarf.
42,The patrolman trusted the foreigner.,The weatherman annoyed the drummer.,The sorcerer defended the dwarf.,The dwarf defended the sorcerer.,The pitcher signaled the hitter.,The encroacher strangled the warrior.,The hairdresser lauded the therapist.,The sorcerer defended the dwarf.,The weatherman annoyed the drummer.,The dwarf defended the sorcerer.,The encroacher strangled the warrior.,The weatherman annoyed the drummer.,The patrolman trusted the foreigner.,The dwarf defended the sorcerer.,The sorcerer defended the dwarf.,The trespasser choked the fighter.,The patrolman trusted the foreigner.,The sorcerer defended the dwarf.,The dwarf defended the sorcerer.,The weatherman annoyed the drummer.,The hairdresser lauded the therapist.,The weatherman annoyed the drummer.,The hairstylist extolled the psychologist.,The sorcerer defended the dwarf.,The dwarf defended the sorcerer.,The thug accosted the plaintiff.,The patrolman trusted the foreigner.,The dwarf defended the sorcerer.,The weatherman annoyed the drummer.,The sorcerer defended the dwarf.,The pitcher signaled the hitter.,The hairdresser lauded the therapist.,The sorcerer defended the dwarf.,The dwarf defended the sorcerer.,The weatherman annoyed the drummer.,The encroacher strangled the warrior.,The sorcerer defended the dwarf.,The thug accosted the plaintiff.,The dwarf defended the sorcerer.,The weatherman annoyed the drummer.,The encroacher strangled the warrior.,The dwarf defended the sorcerer.,The messenger swindled the interpreter.,The sorcerer defended the dwarf.,The weatherman annoyed the drummer.,The thug accosted the plaintiff.,The weatherman annoyed the drummer.,The sorcerer defended the dwarf.,The dwarf defended the sorcerer.,The patrolman trusted the foreigner.
43,The patrolman trusted the foreigner.,The encroacher strangled the warrior.,The weatherman annoyed the drummer.,The sorcerer defended the dwarf.,The dwarf defended the sorcerer.,The patrolman trusted the foreigner.,The admiral accompanied the lieutenant.,The sorcerer defended the dwarf.,The weatherman annoyed the drummer.,The dwarf defended the sorcerer.,The patrolman trusted the foreigner.,The weatherman annoyed the drummer.,The encroacher strangled the warrior.,The sorcerer defended the dwarf.,The dwarf defended the sorcerer.,The hairdresser lauded the therapist.,The pitcher signaled the hitter.,The sorcerer defended the dwarf.,The dwarf defended the sorcerer.,The weatherman annoyed the drummer.,The pitcher signaled the hitter.,The sorcerer defended the dwarf.,The hairdresser lauded the therapist.,The weatherman annoyed the drummer.,The dwarf defended the sorcerer.,The sorcerer defended the dwarf.,The weatherman annoyed the drummer.,The hairstylist extolled the psychologist.,The hairdresser lauded the therapist.,The dwarf defended the sorcerer.,The thug accosted the plaintiff.,The hairdresser lauded the therapist.,The weatherman annoyed the drummer.,The dwarf defended the sorcerer.,The sorcerer defended the dwarf.,The thug accosted the plaintiff.,The encroacher strangled the warrior.,The weatherman annoyed the drummer.,The sorcerer defended the dwarf.,The dwarf defended the sorcerer.,The encroacher strangled the warrior.,The weatherman annoyed the drummer.,The patrolman trusted the foreigner.,The dwarf defended the sorcerer.,The sorcerer defended the dwarf.,The encroacher strangled the warrior.,The hairdresser lauded the therapist.,The weatherman annoyed the drummer.,The sorcerer defended the dwarf.,The dwarf defended the sorcerer.
44,The encroacher strangled the warrior.,The weatherman annoyed the drummer.,The sorcerer defended the dwarf.,The hairdresser lauded the therapist.,The dwarf defended the sorcerer.,The messenger swindled the interpreter.,The dean commended the shrink.,The weatherman annoyed the drummer.,The dwarf defended the sorcerer.,The sorcerer defended the dwarf.,The messenger swindled the interpreter.,The weatherman annoyed the drummer.,The dwarf defended the sorcerer.,The trespasser choked the fighter.,The encroacher strangled the warrior.,The dean commended the shrink.,The envoy entertained the valet.,The dwarf defended the sorcerer.,The sorcerer defended the dwarf.,The weatherman annoyed the drummer.,The hairdresser lauded the therapist.,The patrolman trusted the foreigner.,The weatherman annoyed the drummer.,The sorcerer defended the dwarf.,The dwarf defended the sorcerer.,The encroacher strangled the warrior.,The dwarf defended the sorcerer.,The patrolman trusted the foreigner.,The hairdresser lauded the therapist.,The weatherman annoyed the drummer.,The sorcerer defended the dwarf.,The encroacher strangled the warrior.,The thug accosted the plaintiff.,The dwarf defended the sorcerer.,The weatherman annoyed the drummer.,The plaintiff accosted the thug.,The sorcerer defended the dwarf.,The dwarf defended the sorcerer.,The hairdresser lauded the therapist.,The weatherman annoyed the drummer.,The hairdresser lauded the therapist.,The patrolman trusted the foreigner.,The weatherman annoyed the drummer.,The dwarf defended the sorcerer.,The sorcerer defended the dwarf.,The messenger swindled the interpreter.,The weatherman annoyed the drummer.,The encroacher strangled the warrior.,The sorcerer defended the dwarf.,The dwarf defended the sorcerer.
45,The dean commended the shrink.,The weatherman annoyed the drummer.,The hairstylist extolled the psychologist.,The sorcerer defended the dwarf.,The dwarf defended the sorcerer.,The hairdresser lauded the therapist.,The weatherman annoyed the drummer.,The hairstylist extolled the psychologist.,The sorcerer defended the dwarf.,The dwarf defended the sorcerer.,The messenger swindled the interpreter.,The dean commended the shrink.,The sorcerer defended the dwarf.,The dwarf defended the sorcerer.,The weatherman annoyed the drummer.,The patrolman trusted the foreigner.,The hairdresser lauded the therapist.,The sorcerer defended the dwarf.,The weatherman annoyed the drummer.,The dwarf defended the sorcerer.,The hairdresser lauded the therapist.,The weatherman annoyed the drummer.,The sorcerer defended the dwarf.,The dwarf defended the sorcerer.,The messenger swindled the interpreter.,The wizard protected the gnome.,The weatherman annoyed the drummer.,The messenger swindled the interpreter.,The sorcerer defended the dwarf.,The dwarf defended the sorcerer.,The messenger swindled the interpreter.,The sorcerer defended the dwarf.,The hairdresser lauded the therapist.,The weatherman annoyed the drummer.,The dwarf defended the sorcerer.,The hairstylist extolled the psychologist.,The sorcerer defended the dwarf.,The hairdresser lauded the therapist.,The dwarf defended the sorcerer.,The weatherman annoyed the drummer.,The dean commended the shrink.,The sorcerer defended the dwarf.,The hairdresser lauded the therapist.,The hairstylist extolled the psychologist.,The dwarf defended the sorcerer.,The messenger swindled the interpreter.,The sorcerer defended the dwarf.,The hairdresser lauded the therapist.,The weatherman annoyed the drummer.,The dwarf defended the sorcerer.
46,The thug accosted the plaintiff.,The sorcerer defended the dwarf.,The weatherman annoyed the drummer.,The dwarf defended the sorcerer.,The encroacher strangled the warrior.,The sorcerer defended the dwarf.,The dwarf defended the sorcerer.,The barrister paid the photographer.,The hairdresser lauded the therapist.,The weatherman annoyed the drummer.,The hairstylist extolled the psychologist.,The weatherman annoyed the drummer.,The dean commended the shrink.,The hairdresser lauded the therapist.,The patrolman trusted the foreigner.,The stonecutter disdained the cobbler.,The asylum seeker goaded the vagrant.,The provost applauded the psychiatrist.,The weatherman annoyed the drummer.,The dwarf defended the sorcerer.,The encroacher strangled the warrior.,The sorcerer defended the dwarf.,The hairdresser lauded the therapist.,The weatherman annoyed the drummer.,The dwarf defended the sorcerer.,The thug accosted the plaintiff.,The hairdresser lauded the therapist.,The sorcerer defended the dwarf.,The dwarf defended the sorcerer.,The weatherman annoyed the drummer.,The hairstylist extolled the psychologist.,The sorcerer defended the dwarf.,The hairdresser lauded the therapist.,The weatherman annoyed the drummer.,The dwarf defended the sorcerer.,The sorcerer defended the dwarf.,The dean commended the shrink.,The provost applauded the psychiatrist.,The hairdresser lauded the therapist.,The dwarf defended the sorcerer.,The hairdresser lauded the therapist.,The sorcerer defended the dwarf.,The thug accosted the plaintiff.,The dwarf defended the sorcerer.,The weatherman annoyed the drummer.,The sorcerer defended the dwarf.,The provost applauded the psychiatrist.,The dwarf defended the sorcerer.,The weatherman annoyed the drummer.,The hairstylist extolled the psychologist.
47,The psychologist extolled the hairstylist.,The thug accosted the plaintiff.,The sorcerer defended the dwarf.,The hairstylist extolled the psychologist.,The dwarf defended the sorcerer.,The provost applauded the psychiatrist.,The hairstylist extolled the psychologist.,The dwarf defended the sorcerer.,The thug accosted the plaintiff.,The dean commended the shrink.,The dean commended the shrink.,The provost applauded the psychiatrist.,The hairdresser lauded the therapist.,The weatherman annoyed the drummer.,The dwarf defended the sorcerer.,The hairstylist extolled the psychologist.,The thug accosted the plaintiff.,The weatherman annoyed the drummer.,The sorcerer defended the dwarf.,The dwarf defended the sorcerer.,The weatherman annoyed the drummer.,The dwarf defended the sorcerer.,The encroacher strangled the warrior.,The thug accosted the plaintiff.,The sorcerer defended the dwarf.,The acrobat pushed the stranger.,The hairdresser lauded the therapist.,The hairstylist extolled the psychologist.,The dwarf defended the sorcerer.,The sorcerer defended the dwarf.,The hairdresser lauded the therapist.,The thug accosted the plaintiff.,The hairstylist extolled the psychologist.,The sorcerer defended the dwarf.,The dwarf defended the sorcerer.,The asylum seeker goaded the vagrant.,The vagrant goaded the asylum seeker.,The sorcerer defended the dwarf.,The dwarf defended the sorcerer.,The weatherman annoyed the drummer.,The weatherman annoyed the drummer.,The thug accosted the plaintiff.,The vagrant goaded the asylum seeker.,The hairstylist extolled the psychologist.,The dwarf defended the sorcerer.,The sorcerer defended the dwarf.,The weatherman annoyed the drummer.,The asylum seeker goaded the vagrant.,The dwarf defended the sorcerer.,The vagrant goaded the asylum seeker.
