0,The bouncer is preventing the woman from entering.,The bride is blessing the priest.,The patient is treating the dentist.,The woman is preventing the bouncer from entering.,The princess is measuring the tailor.,The lion is pouncing on the Safari guide.,The princess is kidnapping the pirate.,The patient is treating the dentist.,The grandma is stealing the purse from the thief.,The Safari guide is pouncing on the lion.,The lawyer is giving money to the beggar.,The lady is cooking for the chef.,The beggar is giving money to the lawyer.,The woman is preventing the bouncer from entering.,The patient is using a stethoscope on the doctor.,The chef is cooking for the lady.,The lady is cooking for the chef.,The princess is measuring the tailor.,The mouse is chasing the cat.,The king is entertaining the jester.,The lion is pouncing on the Safari guide.,The lady is cooking for the chef.,The Safari guide is pouncing on the lion.,The criminal is arresting the cop.,The blind person is leading the dog.,The visitor is pushing the patient.,The patient is pushing the visitor.,The sportsstar is interviewing the journalist.,The criminal is arresting the cop.,The girl is giving Santa a present.,The lawyer is giving money to the beggar.,The worker is yelling at the boss.,The beggar is giving money to the lawyer.,The queen is bowing to the peasant.,The grandmother is rescuing the fireman.,The visitor is pushing the patient.,The son is tying the father's shoes.,The criminal is sentencing the judge.,The patient is pushing the visitor.,The bride is carrying the groom.,The ballerina is dancing for the grandpa.,The grandpa is dancing for the ballerina.,The bride is blessing the priest.,The princess is measuring the tailor.,The grandmother is rescuing the fireman.,The dog is licking the girl on the face.,The princess is measuring the tailor.,The girl is licking the dog on the face.,The ghost is frightening the girl.,The girl is frightening the ghost.
1,The mouse is chasing the cat.,The patient is using a stethoscope on the doctor.,The queen is bowing to the peasant.,The bouncer is preventing the woman from entering.,The woman is preventing the bouncer from entering.,The doctor is using a stethoscope on the patient.,The king is entertaining the jester.,The Safari guide is pouncing on the lion.,The grandmother is rescuing the fireman.,The patient is using a stethoscope on the doctor.,The lawyer is giving money to the beggar.,The lifeguard is saving the grandmother.,The woman is biting the vampire.,The beggar is giving money to the lawyer.,The grandmother is saving the lifeguard.,The father is pulling the child on the sled.,The grandmother is rescuing the fireman.,The child is pulling the father on the sled.,The patient is treating the dentist.,The baby is feeding the mother.,The ballerina is dancing for the grandpa.,The lady is cooking for the chef.,The student is lecturing to the professor.,The grandpa is dancing for the ballerina.,The queen is bowing to the peasant.,The groom is carrying the bride.,The king is entertaining the jester.,The girl is giving Santa a present.,The woman is biting the vampire.,The bride is carrying the groom.,The worker is yelling at the boss.,The son is tying the father's shoes.,The tailor is measuring the princess.,The king is entertaining the jester.,The princess is measuring the tailor.,The waiter is serving the customer.,The groom is carrying the bride.,The customer is serving the waiter.,The bride is carrying the groom.,The girl is giving Santa a present.,The groom is carrying the bride.,The lady is cooking for the chef.,The blind person is leading the dog.,The princess is kidnapping the pirate.,The bride is carrying the groom.,The bouncer is preventing the woman from entering.,The girl is licking the dog on the face.,The woman is preventing the bouncer from entering.,The dog is licking the girl on the face.,The blind person is leading the dog.
2,The father is tying the son's shoes.,The princess is kidnapping the pirate.,The businessman is painting the artist.,The son is tying the father's shoes.,The king is entertaining the jester.,The patient is bringing flowers to the relative.,The father is tying the son's shoes.,The customer is serving the waiter.,The baby is feeding the mother.,The son is tying the father's shoes.,The patient is using a stethoscope on the doctor.,The child is pulling the father on the sled.,The criminal is sentencing the judge.,The chef is cooking for the lady.,The lady is cooking for the chef.,The father is pulling the child on the sled.,The dog is leading the blind person.,The child is pulling the father on the sled.,The blind person is leading the dog.,The bride is carrying the groom.,The dentist is treating the patient.,The patient is bringing flowers to the relative.,The businessman is painting the artist.,The patient is treating the dentist.,The grandma is stealing the purse from the thief.,The tailor is measuring the princess.,The bouncer is preventing the woman from entering.,The princess is measuring the tailor.,The woman is preventing the bouncer from entering.,The Safari guide is pouncing on the lion.,The customer is serving the waiter.,The bride is blessing the priest.,The grandpa is dancing for the ballerina.,The photographer is taking a picture of the model.,The model is taking a picture of the photographer.,The patient is bringing flowers to the relative.,The businessman is painting the artist.,The worker is yelling at the boss.,The boss is yelling at the worker.,The baby is feeding the mother.,The lifeguard is saving the grandmother.,The lady is opening the door for the chauffeur.,The father is tying the son's shoes.,The grandmother is saving the lifeguard.,The son is tying the father's shoes.,The father is tying the son's shoes.,The chef is cooking for the lady.,The patient is treating the dentist.,The lady is cooking for the chef.,The son is tying the father's shoes.
3,The princess is kidnapping the pirate.,The father is tying the son's shoes.,The worker is yelling at the boss.,The baby is feeding the mother.,The son is tying the father's shoes.,The patient is treating the dentist.,The priest is blessing the bride.,The king is entertaining the jester.,The bride is blessing the priest.,The blind person is leading the dog.,The boss is yelling at the worker.,The princess is kidnapping the pirate.,The worker is yelling at the boss.,The girl is giving Santa a present.,The lady is opening the door for the chauffeur.,The cop is arresting the criminal.,The criminal is arresting the cop.,The lawyer is giving money to the beggar.,The girl is giving Santa a present.,The beggar is giving money to the lawyer.,The tailor is measuring the princess.,The blind person is leading the dog.,The princess is measuring the tailor.,The customer is serving the waiter.,The son is tying the father's shoes.,The worker is yelling at the boss.,The blind person is leading the dog.,The model is taking a picture of the photographer.,The photographer is taking a picture of the model.,The mouse is chasing the cat.,The artist is painting the businessman.,The businessman is painting the artist.,The journalist is interviewing the sportsstar.,The sportsstar is interviewing the journalist.,The baby is feeding the mother.,The dentist is treating the patient.,The father is tying the son's shoes.,The grandmother is saving the lifeguard.,The patient is treating the dentist.,The son is tying the father's shoes.,The vampire is biting the woman.,The queen is bowing to the peasant.,The woman is biting the vampire.,The baby is feeding the mother.,The criminal is sentencing the judge.,The fireman is rescuing the grandmother.,The shark is biting the snorkeler.,The snorkeler is biting the shark.,The grandmother is rescuing the fireman.,The lady is opening the door for the chauffeur.
4,The criminal is sentencing the judge.,The lawyer is giving money to the beggar.,The king is entertaining the jester.,The beggar is giving money to the lawyer.,The blind person is leading the dog.,The cop is arresting the criminal.,The princess is measuring the tailor.,The relative is bringing flowers to the patient.,The criminal is arresting the cop.,The patient is bringing flowers to the relative.,The man is proposing to the woman.,The lady is opening the door for the chauffeur.,The king is entertaining the jester.,The beggar is giving money to the lawyer.,The lawyer is giving money to the beggar.,The lady is opening the door for the chauffeur.,The priest is blessing the bride.,The bride is blessing the priest.,The snorkeler is biting the shark.,The shark is biting the snorkeler.,The priest is blessing the bride.,The bride is blessing the priest.,The girl is licking the dog on the face.,The bouncer is preventing the woman from entering.,The woman is preventing the bouncer from entering.,The chef is cooking for the lady.,The dog is licking the girl on the face.,The lady is cooking for the chef.,The girl is licking the dog on the face.,The princess is measuring the tailor.,The father is tying the son's shoes.,The priest is blessing the bride.,The businessman is painting the artist.,The son is tying the father's shoes.,The bride is blessing the priest.,The woman is proposing to the man.,The waiter is serving the customer.,The grandpa is dancing for the ballerina.,The man is proposing to the woman.,The customer is serving the waiter.,The child is scolding the babysitter.,The lady is opening the door for the chauffeur.,The queen is bowing to the peasant.,The journalist is interviewing the sportsstar.,The sportsstar is interviewing the journalist.,The chef is cooking for the lady.,The lion is pouncing on the Safari guide.,The Safari guide is pouncing on the lion.,The lady is cooking for the chef.,The baby is feeding the mother.
5,The professor is lecturing to the student.,The student is lecturing to the professor.,The bouncer is preventing the woman from entering.,The woman is preventing the bouncer from entering.,The businessman is painting the artist.,The criminal is arresting the cop.,The woman is biting the vampire.,The grandmother is saving the lifeguard.,The beggar is giving money to the lawyer.,The lawyer is giving money to the beggar.,The grandma is stealing the purse from the thief.,The lawyer is giving money to the beggar.,The beggar is giving money to the lawyer.,The queen is bowing to the peasant.,The peasant is bowing to the queen.,The dog is licking the girl on the face.,The shark is biting the snorkeler.,The blind person is leading the dog.,The snorkeler is biting the shark.,The girl is licking the dog on the face.,The princess is measuring the tailor.,The vampire is biting the woman.,The woman is biting the vampire.,The dog is licking the girl on the face.,The girl is licking the dog on the face.,The princess is measuring the tailor.,The priest is blessing the bride.,The bouncer is preventing the woman from entering.,The woman is preventing the bouncer from entering.,The bride is blessing the priest.,The lion is pouncing on the Safari guide.,The girl is frightening the ghost.,The queen is bowing to the peasant.,The ghost is frightening the girl.,The Safari guide is pouncing on the lion.,The lawyer is giving money to the beggar.,The woman is preventing the bouncer from entering.,The grandmother is rescuing the fireman.,The Safari guide is pouncing on the lion.,The beggar is giving money to the lawyer.,The princess is kidnapping the pirate.,The lady is opening the door for the chauffeur.,The criminal is arresting the cop.,The fireman is rescuing the grandmother.,The grandmother is rescuing the fireman.,The dog is licking the girl on the face.,The woman is preventing the bouncer from entering.,The girl is licking the dog on the face.,The bouncer is preventing the woman from entering.,The patient is treating the dentist.
6,The criminal is sentencing the judge.,The customer is serving the waiter.,The bride is blessing the priest.,The shark is biting the snorkeler.,The snorkeler is biting the shark.,The lion is pouncing on the Safari guide.,The fireman is rescuing the grandmother.,The son is tying the father's shoes.,The grandmother is rescuing the fireman.,The Safari guide is pouncing on the lion.,The jester is entertaining the king.,The visitor is pushing the patient.,The king is entertaining the jester.,The shark is biting the snorkeler.,The snorkeler is biting the shark.,The king is entertaining the jester.,The father is tying the son's shoes.,The son is tying the father's shoes.,The fireman is rescuing the grandmother.,The grandmother is rescuing the fireman.,The princess is measuring the tailor.,The lion is pouncing on the Safari guide.,The Safari guide is pouncing on the lion.,The patient is treating the dentist.,The patient is bringing flowers to the relative.,The customer is serving the waiter.,The cat is chasing the mouse.,The mouse is chasing the cat.,The ghost is frightening the girl.,The girl is frightening the ghost.,The father is tying the son's shoes.,The son is tying the father's shoes.,The woman is biting the vampire.,The fireman is rescuing the grandmother.,The grandmother is rescuing the fireman.,The father is tying the son's shoes.,The journalist is interviewing the sportsstar.,The grandmother is saving the lifeguard.,The sportsstar is interviewing the journalist.,The son is tying the father's shoes.,The lawyer is giving money to the beggar.,The dentist is treating the patient.,The baby is feeding the mother.,The patient is treating the dentist.,The beggar is giving money to the lawyer.,The pirate is kidnapping the princess.,The worker is yelling at the boss.,The princess is kidnapping the pirate.,The babysitter is scolding the child.,The child is scolding the babysitter.
7,The groom is carrying the bride.,The king is entertaining the jester.,The patient is bringing flowers to the relative.,The queen is bowing to the peasant.,The bride is carrying the groom.,The father is pulling the child on the sled.,The child is pulling the father on the sled.,The patient is bringing flowers to the relative.,The father is tying the son's shoes.,The son is tying the father's shoes.,The patient is pushing the visitor.,The lady is opening the door for the chauffeur.,The customer is serving the waiter.,The cop is arresting the criminal.,The criminal is arresting the cop.,The lady is cooking for the chef.,The dog is leading the blind person.,The blind person is leading the dog.,The criminal is arresting the cop.,The baby is feeding the mother.,The lifeguard is saving the grandmother.,The grandmother is saving the lifeguard.,The princess is kidnapping the pirate.,The cat is chasing the mouse.,The mouse is chasing the cat.,The priest is blessing the bride.,The bouncer is preventing the woman from entering.,The woman is preventing the bouncer from entering.,The bride is blessing the priest.,The bride is carrying the groom.,The father is pulling the child on the sled.,The lion is pouncing on the Safari guide.,The child is pulling the father on the sled.,The Safari guide is pouncing on the lion.,The grandmother is saving the lifeguard.,The father is pulling the child on the sled.,The child is pulling the father on the sled.,The mouse is chasing the cat.,The cat is chasing the mouse.,The patient is bringing flowers to the relative.,The worker is yelling at the boss.,The grandpa is dancing for the ballerina.,The baby is feeding the mother.,The dog is licking the girl on the face.,The girl is licking the dog on the face.,The lion is pouncing on the Safari guide.,The Safari guide is pouncing on the lion.,The patient is treating the dentist.,The lawyer is giving money to the beggar.,The beggar is giving money to the lawyer.
8,The blind person is leading the dog.,The dog is licking the girl on the face.,The girl is licking the dog on the face.,The woman is biting the vampire.,The queen is bowing to the peasant.,The customer is serving the waiter.,The bouncer is preventing the woman from entering.,The woman is preventing the bouncer from entering.,The artist is painting the businessman.,The businessman is painting the artist.,The photographer is taking a picture of the model.,The king is entertaining the jester.,The bouncer is preventing the woman from entering.,The model is taking a picture of the photographer.,The woman is preventing the bouncer from entering.,The worker is yelling at the boss.,The lady is opening the door for the chauffeur.,The bride is carrying the groom.,The photographer is taking a picture of the model.,The model is taking a picture of the photographer.,The grandpa is dancing for the ballerina.,The photographer is taking a picture of the model.,The vampire is biting the woman.,The woman is biting the vampire.,The model is taking a picture of the photographer.,The girl is giving Santa a present.,The priest is blessing the bride.,The peasant is bowing to the queen.,The bride is blessing the priest.,The queen is bowing to the peasant.,The photographer is taking a picture of the model.,The lady is opening the door for the chauffeur.,The peasant is bowing to the queen.,The model is taking a picture of the photographer.,The queen is bowing to the peasant.,The priest is blessing the bride.,The lion is pouncing on the Safari guide.,The beggar is giving money to the lawyer.,The bride is blessing the priest.,The Safari guide is pouncing on the lion.,The child is scolding the babysitter.,The babysitter is scolding the child.,The fireman is rescuing the grandmother.,The blind person is leading the dog.,The grandmother is rescuing the fireman.,The babysitter is scolding the child.,The father is tying the son's shoes.,The son is tying the father's shoes.,The ghost is frightening the girl.,The girl is frightening the ghost.
9,The patient is bringing flowers to the relative.,The princess is kidnapping the pirate.,The woman is biting the vampire.,The girl is licking the dog on the face.,The dog is licking the girl on the face.,The relative is bringing flowers to the patient.,The patient is bringing flowers to the relative.,The woman is biting the vampire.,The mouse is chasing the cat.,The cat is chasing the mouse.,The professor is lecturing to the student.,The customer is serving the waiter.,The student is lecturing to the professor.,The father is pulling the child on the sled.,The child is pulling the father on the sled.,The criminal is arresting the cop.,The ghost is frightening the girl.,The king is entertaining the jester.,The queen is bowing to the peasant.,The girl is frightening the ghost.,The patient is bringing flowers to the relative.,The bouncer is preventing the woman from entering.,The artist is painting the businessman.,The woman is preventing the bouncer from entering.,The businessman is painting the artist.,The peasant is bowing to the queen.,The baby is feeding the mother.,The criminal is sentencing the judge.,The mouse is chasing the cat.,The queen is bowing to the peasant.,The lawyer is giving money to the beggar.,The girl is frightening the ghost.,The ghost is frightening the girl.,The mouse is chasing the cat.,The beggar is giving money to the lawyer.,The woman is proposing to the man.,The dog is leading the blind person.,The bouncer is preventing the woman from entering.,The blind person is leading the dog.,The woman is preventing the bouncer from entering.,The relative is bringing flowers to the patient.,The customer is serving the waiter.,The patient is bringing flowers to the relative.,The mouse is chasing the cat.,The queen is bowing to the peasant.,The peasant is bowing to the queen.,The mouse is chasing the cat.,The queen is bowing to the peasant.,The cat is chasing the mouse.,The criminal is sentencing the judge.
10,The bride is blessing the priest.,The woman is biting the vampire.,The shark is biting the snorkeler.,The snorkeler is biting the shark.,The king is entertaining the jester.,The woman is proposing to the man.,The bouncer is preventing the woman from entering.,The grandpa is dancing for the ballerina.,The queen is bowing to the peasant.,The woman is preventing the bouncer from entering.,The patient is using a stethoscope on the doctor.,The journalist is interviewing the sportsstar.,The sportsstar is interviewing the journalist.,The king is entertaining the jester.,The child is scolding the babysitter.,The bouncer is preventing the woman from entering.,The blind person is leading the dog.,The woman is preventing the bouncer from entering.,The fireman is rescuing the grandmother.,The grandmother is rescuing the fireman.,The pirate is kidnapping the princess.,The girl is giving Santa a present.,The father is pulling the child on the sled.,The princess is kidnapping the pirate.,The child is pulling the father on the sled.,The woman is proposing to the man.,The babysitter is scolding the child.,The child is scolding the babysitter.,The lady is opening the door for the chauffeur.,The worker is yelling at the boss.,The child is scolding the babysitter.,The lady is opening the door for the chauffeur.,The criminal is sentencing the judge.,The student is lecturing to the professor.,The professor is lecturing to the student.,The relative is bringing flowers to the patient.,The chef is cooking for the lady.,The patient is bringing flowers to the relative.,The princess is kidnapping the pirate.,The mouse is chasing the cat.,The bouncer is preventing the woman from entering.,The baby is feeding the mother.,The beggar is giving money to the lawyer.,The woman is preventing the bouncer from entering.,The queen is bowing to the peasant.,The woman is proposing to the man.,The bouncer is preventing the woman from entering.,The woman is preventing the bouncer from entering.,The cat is chasing the mouse.,The mouse is chasing the cat.
11,The grandmother is saving the lifeguard.,The father is pulling the child on the sled.,The child is pulling the father on the sled.,The patient is bringing flowers to the relative.,The relative is bringing flowers to the patient.,The lawyer is giving money to the beggar.,The queen is bowing to the peasant.,The beggar is giving money to the lawyer.,The chef is cooking for the lady.,The sportsstar is interviewing the journalist.,The king is entertaining the jester.,The bride is carrying the groom.,The Safari guide is pouncing on the lion.,The photographer is taking a picture of the model.,The model is taking a picture of the photographer.,The grandma is stealing the purse from the thief.,The girl is giving Santa a present.,The bride is carrying the groom.,The patient is pushing the visitor.,The visitor is pushing the patient.,The lady is opening the door for the chauffeur.,The woman is biting the vampire.,The son is tying the father's shoes.,The artist is painting the businessman.,The businessman is painting the artist.,The chef is cooking for the lady.,The mouse is chasing the cat.,The snorkeler is biting the shark.,The shark is biting the snorkeler.,The baby is feeding the mother.,The patient is bringing flowers to the relative.,The dog is licking the girl on the face.,The sportsstar is interviewing the journalist.,The girl is licking the dog on the face.,The student is lecturing to the professor.,The patient is bringing flowers to the relative.,The shark is biting the snorkeler.,The snorkeler is biting the shark.,The grandmother is rescuing the fireman.,The fireman is rescuing the grandmother.,The waiter is serving the customer.,The king is entertaining the jester.,The patient is pushing the visitor.,The visitor is pushing the patient.,The customer is serving the waiter.,The ballerina is dancing for the grandpa.,The babysitter is scolding the child.,The child is scolding the babysitter.,The man is proposing to the woman.,The grandpa is dancing for the ballerina.
12,The child is scolding the babysitter.,The shark is biting the snorkeler.,The grandmother is saving the lifeguard.,The snorkeler is biting the shark.,The mouse is chasing the cat.,The lion is pouncing on the Safari guide.,The woman is preventing the bouncer from entering.,The queen is bowing to the peasant.,The baby is feeding the mother.,The Safari guide is pouncing on the lion.,The woman is biting the vampire.,The grandmother is saving the lifeguard.,The chef is cooking for the lady.,The ghost is frightening the girl.,The girl is frightening the ghost.,The sportsstar is interviewing the journalist.,The photographer is taking a picture of the model.,The model is taking a picture of the photographer.,The ghost is frightening the girl.,The girl is frightening the ghost.,The photographer is taking a picture of the model.,The sportsstar is interviewing the journalist.,The fireman is rescuing the grandmother.,The grandmother is rescuing the fireman.,The model is taking a picture of the photographer.,The student is lecturing to the professor.,The artist is painting the businessman.,The businessman is painting the artist.,The shark is biting the snorkeler.,The snorkeler is biting the shark.,The patient is treating the dentist.,The dentist is treating the patient.,The king is entertaining the jester.,The sportsstar is interviewing the journalist.,The blind person is leading the dog.,The grandma is stealing the purse from the thief.,The ballerina is dancing for the grandpa.,The princess is kidnapping the pirate.,The queen is bowing to the peasant.,The grandpa is dancing for the ballerina.,The customer is serving the waiter.,The pirate is kidnapping the princess.,The princess is kidnapping the pirate.,The baby is feeding the mother.,The mouse is chasing the cat.,The journalist is interviewing the sportsstar.,The relative is bringing flowers to the patient.,The grandmother is saving the lifeguard.,The patient is bringing flowers to the relative.,The sportsstar is interviewing the journalist.
13,The relative is bringing flowers to the patient.,The woman is biting the vampire.,The princess is kidnapping the pirate.,The patient is bringing flowers to the relative.,The snorkeler is biting the shark.,The professor is lecturing to the student.,The bride is carrying the groom.,The baby is feeding the mother.,The grandmother is saving the lifeguard.,The student is lecturing to the professor.,The customer is serving the waiter.,The sportsstar is interviewing the journalist.,The fireman is rescuing the grandmother.,The grandmother is rescuing the fireman.,The beggar is giving money to the lawyer.,The priest is blessing the bride.,The shark is biting the snorkeler.,The photographer is taking a picture of the model.,The model is taking a picture of the photographer.,The snorkeler is biting the shark.,The tailor is measuring the princess.,The visitor is pushing the patient.,The blind person is leading the dog.,The patient is pushing the visitor.,The princess is measuring the tailor.,The bouncer is preventing the woman from entering.,The criminal is sentencing the judge.,The ballerina is dancing for the grandpa.,The grandpa is dancing for the ballerina.,The woman is preventing the bouncer from entering.,The grandma is stealing the purse from the thief.,The pirate is kidnapping the princess.,The king is entertaining the jester.,The customer is serving the waiter.,The princess is kidnapping the pirate.,The dog is licking the girl on the face.,The baby is feeding the mother.,The princess is kidnapping the pirate.,The mouse is chasing the cat.,The girl is licking the dog on the face.,The shark is biting the snorkeler.,The blind person is leading the dog.,The photographer is taking a picture of the model.,The model is taking a picture of the photographer.,The snorkeler is biting the shark.,The artist is painting the businessman.,The dog is licking the girl on the face.,The girl is licking the dog on the face.,The Safari guide is pouncing on the lion.,The businessman is painting the artist.
14,The cat is chasing the mouse.,The vampire is biting the woman.,The woman is biting the vampire.,The mouse is chasing the cat.,The baby is feeding the mother.,The father is pulling the child on the sled.,The customer is serving the waiter.,The Safari guide is pouncing on the lion.,The beggar is giving money to the lawyer.,The child is pulling the father on the sled.,The relative is bringing flowers to the patient.,The patient is bringing flowers to the relative.,The criminal is arresting the cop.,The father is pulling the child on the sled.,The child is pulling the father on the sled.,The blind person is leading the dog.,The customer is serving the waiter.,The woman is biting the vampire.,The ghost is frightening the girl.,The girl is frightening the ghost.,The babysitter is scolding the child.,The relative is bringing flowers to the patient.,The girl is giving Santa a present.,The queen is bowing to the peasant.,The patient is bringing flowers to the relative.,The cop is arresting the criminal.,The customer is serving the waiter.,The criminal is arresting the cop.,The grandmother is rescuing the fireman.,The fireman is rescuing the grandmother.,The princess is measuring the tailor.,The chauffeur is opening the door for the lady.,The lady is opening the door for the chauffeur.,The Safari guide is pouncing on the lion.,The grandpa is dancing for the ballerina.,The patient is using a stethoscope on the doctor.,The father is pulling the child on the sled.,The child is pulling the father on the sled.,The ghost is frightening the girl.,The girl is frightening the ghost.,The thief is stealing the purse from the grandma.,The bouncer is preventing the woman from entering.,The grandma is stealing the purse from the thief.,The woman is preventing the bouncer from entering.,The princess is measuring the tailor.,The waiter is serving the customer.,The girl is licking the dog on the face.,The customer is serving the waiter.,The dog is licking the girl on the face.,The student is lecturing to the professor.
15,The cop is arresting the criminal.,The artist is painting the businessman.,The bride is carrying the groom.,The criminal is arresting the cop.,The businessman is painting the artist.,The priest is blessing the bride.,The princess is measuring the tailor.,The father is pulling the child on the sled.,The criminal is arresting the cop.,The child is pulling the father on the sled.,The patient is pushing the visitor.,The lady is cooking for the chef.,The bouncer is preventing the woman from entering.,The woman is preventing the bouncer from entering.,The chef is cooking for the lady.,The ballerina is dancing for the grandpa.,The fireman is rescuing the grandmother.,The patient is bringing flowers to the relative.,The grandmother is rescuing the fireman.,The grandpa is dancing for the ballerina.,The visitor is pushing the patient.,The patient is pushing the visitor.,The baby is feeding the mother.,The dentist is treating the patient.,The patient is treating the dentist.,The lawyer is giving money to the beggar.,The ballerina is dancing for the grandpa.,The businessman is painting the artist.,The beggar is giving money to the lawyer.,The grandpa is dancing for the ballerina.,The pirate is kidnapping the princess.,The lady is cooking for the chef.,The princess is kidnapping the pirate.,The chef is cooking for the lady.,The businessman is painting the artist.,The professor is lecturing to the student.,The lady is opening the door for the chauffeur.,The lawyer is giving money to the beggar.,The student is lecturing to the professor.,The beggar is giving money to the lawyer.,The bride is carrying the groom.,The grandma is stealing the purse from the thief.,The beggar is giving money to the lawyer.,The chef is cooking for the lady.,The lady is cooking for the chef.,The peasant is bowing to the queen.,The photographer is taking a picture of the model.,The model is taking a picture of the photographer.,The queen is bowing to the peasant.,The girl is giving Santa a present.
16,The patient is using a stethoscope on the doctor.,The grandma is stealing the purse from the thief.,The businessman is painting the artist.,The girl is licking the dog on the face.,The dog is licking the girl on the face.,The grandmother is saving the lifeguard.,The relative is bringing flowers to the patient.,The criminal is sentencing the judge.,The criminal is arresting the cop.,The patient is bringing flowers to the relative.,The shark is biting the snorkeler.,The student is lecturing to the professor.,The ballerina is dancing for the grandpa.,The snorkeler is biting the shark.,The grandpa is dancing for the ballerina.,The patient is treating the dentist.,The dentist is treating the patient.,The princess is kidnapping the pirate.,The pirate is kidnapping the princess.,The grandma is stealing the purse from the thief.,The bouncer is preventing the woman from entering.,The father is pulling the child on the sled.,The grandmother is rescuing the fireman.,The woman is preventing the bouncer from entering.,The child is pulling the father on the sled.,The grandmother is rescuing the fireman.,The fireman is rescuing the grandmother.,The Safari guide is pouncing on the lion.,The girl is frightening the ghost.,The ghost is frightening the girl.,The patient is treating the dentist.,The mouse is chasing the cat.,The dentist is treating the patient.,The lady is cooking for the chef.,The chef is cooking for the lady.,The tailor is measuring the princess.,The cop is arresting the criminal.,The blind person is leading the dog.,The princess is measuring the tailor.,The criminal is arresting the cop.,The tailor is measuring the princess.,The worker is yelling at the boss.,The visitor is pushing the patient.,The patient is pushing the visitor.,The princess is measuring the tailor.,The tailor is measuring the princess.,The chef is cooking for the lady.,The lady is cooking for the chef.,The princess is measuring the tailor.,The criminal is sentencing the judge.
17,The grandmother is rescuing the fireman.,The baby is feeding the mother.,The fireman is rescuing the grandmother.,The chef is cooking for the lady.,The lady is cooking for the chef.,The photographer is taking a picture of the model.,The girl is frightening the ghost.,The baby is feeding the mother.,The ghost is frightening the girl.,The model is taking a picture of the photographer.,The student is lecturing to the professor.,The Safari guide is pouncing on the lion.,The blind person is leading the dog.,The visitor is pushing the patient.,The patient is pushing the visitor.,The queen is bowing to the peasant.,The ballerina is dancing for the grandpa.,The patient is pushing the visitor.,The grandpa is dancing for the ballerina.,The businessman is painting the artist.,The student is lecturing to the professor.,The worker is yelling at the boss.,The relative is bringing flowers to the patient.,The queen is bowing to the peasant.,The patient is bringing flowers to the relative.,The blind person is leading the dog.,The ballerina is dancing for the grandpa.,The grandpa is dancing for the ballerina.,The customer is serving the waiter.,The king is entertaining the jester.,The father is pulling the child on the sled.,The bride is carrying the groom.,The bouncer is preventing the woman from entering.,The woman is preventing the bouncer from entering.,The child is pulling the father on the sled.,The waiter is serving the customer.,The woman is biting the vampire.,The queen is bowing to the peasant.,The Safari guide is pouncing on the lion.,The customer is serving the waiter.,The princess is measuring the tailor.,The bouncer is preventing the woman from entering.,The woman is preventing the bouncer from entering.,The blind person is leading the dog.,The mouse is chasing the cat.,The vampire is biting the woman.,The waiter is serving the customer.,The snorkeler is biting the shark.,The customer is serving the waiter.,The woman is biting the vampire.
18,The grandmother is rescuing the fireman.,The pirate is kidnapping the princess.,The princess is kidnapping the pirate.,The model is taking a picture of the photographer.,The photographer is taking a picture of the model.,The girl is giving Santa a present.,The groom is carrying the bride.,The dentist is treating the patient.,The grandma is stealing the purse from the thief.,The bride is carrying the groom.,The doctor is using a stethoscope on the patient.,The king is entertaining the jester.,The patient is using a stethoscope on the doctor.,The grandmother is saving the lifeguard.,The Safari guide is pouncing on the lion.,The artist is painting the businessman.,The blind person is leading the dog.,The bride is carrying the groom.,The Safari guide is pouncing on the lion.,The businessman is painting the artist.,The ballerina is dancing for the grandpa.,The waiter is serving the customer.,The student is lecturing to the professor.,The customer is serving the waiter.,The grandpa is dancing for the ballerina.,The patient is treating the dentist.,The lawyer is giving money to the beggar.,The dentist is treating the patient.,The blind person is leading the dog.,The beggar is giving money to the lawyer.,The queen is bowing to the peasant.,The thief is stealing the purse from the grandma.,The grandma is stealing the purse from the thief.,The dog is licking the girl on the face.,The girl is licking the dog on the face.,The lady is opening the door for the chauffeur.,The lifeguard is saving the grandmother.,The father is pulling the child on the sled.,The child is pulling the father on the sled.,The grandmother is saving the lifeguard.,The patient is pushing the visitor.,The customer is serving the waiter.,The sportsstar is interviewing the journalist.,The photographer is taking a picture of the model.,The model is taking a picture of the photographer.,The ballerina is dancing for the grandpa.,The lion is pouncing on the Safari guide.,The Safari guide is pouncing on the lion.,The businessman is painting the artist.,The grandpa is dancing for the ballerina.
19,The lady is opening the door for the chauffeur.,The doctor is using a stethoscope on the patient.,The patient is pushing the visitor.,The beggar is giving money to the lawyer.,The patient is using a stethoscope on the doctor.,The dentist is treating the patient.,The thief is stealing the purse from the grandma.,The grandma is stealing the purse from the thief.,The fireman is rescuing the grandmother.,The grandmother is rescuing the fireman.,The lifeguard is saving the grandmother.,The dentist is treating the patient.,The grandmother is saving the lifeguard.,The baby is feeding the mother.,The sportsstar is interviewing the journalist.,The mother is feeding the baby.,The king is entertaining the jester.,The blind person is leading the dog.,The snorkeler is biting the shark.,The baby is feeding the mother.,The lifeguard is saving the grandmother.,The woman is biting the vampire.,The lady is cooking for the chef.,The chef is cooking for the lady.,The grandmother is saving the lifeguard.,The criminal is arresting the cop.,The girl is frightening the ghost.,The grandmother is rescuing the fireman.,The ghost is frightening the girl.,The grandpa is dancing for the ballerina.,The tailor is measuring the princess.,The lifeguard is saving the grandmother.,The blind person is leading the dog.,The grandmother is saving the lifeguard.,The Safari guide is pouncing on the lion.,The tailor is measuring the princess.,The mother is feeding the baby.,The child is scolding the babysitter.,The woman is biting the vampire.,The baby is feeding the mother.,The relative is bringing flowers to the patient.,The criminal is sentencing the judge.,The lady is cooking for the chef.,The patient is bringing flowers to the relative.,The chef is cooking for the lady.,The patient is treating the dentist.,The pirate is kidnapping the princess.,The princess is kidnapping the pirate.,The dentist is treating the patient.,The worker is yelling at the boss.
20,The dog is licking the girl on the face.,The girl is licking the dog on the face.,The photographer is taking a picture of the model.,The model is taking a picture of the photographer.,The Safari guide is pouncing on the lion.,The thief is stealing the purse from the grandma.,The waiter is serving the customer.,The customer is serving the waiter.,The businessman is painting the artist.,The grandma is stealing the purse from the thief.,The businessman is painting the artist.,The chef is cooking for the lady.,The grandpa is dancing for the ballerina.,The ghost is frightening the girl.,The girl is frightening the ghost.,The doctor is using a stethoscope on the patient.,The priest is blessing the bride.,The professor is lecturing to the student.,The student is lecturing to the professor.,The patient is using a stethoscope on the doctor.,The tailor is measuring the princess.,The princess is measuring the tailor.,The blind person is leading the dog.,The babysitter is scolding the child.,The child is scolding the babysitter.,The pirate is kidnapping the princess.,The princess is kidnapping the pirate.,The student is lecturing to the professor.,The woman is biting the vampire.,The baby is feeding the mother.,The bouncer is preventing the woman from entering.,The mouse is chasing the cat.,The woman is biting the vampire.,The ghost is frightening the girl.,The girl is frightening the ghost.,The artist is painting the businessman.,The criminal is arresting the cop.,The girl is giving Santa a present.,The sportsstar is interviewing the journalist.,The businessman is painting the artist.,The son is tying the father's shoes.,The judge is sentencing the criminal.,The criminal is sentencing the judge.,The ghost is frightening the girl.,The girl is frightening the ghost.,The dentist is treating the patient.,The professor is lecturing to the student.,The student is lecturing to the professor.,The pirate is kidnapping the princess.,The princess is kidnapping the pirate.
21,The tailor is measuring the princess.,The princess is measuring the tailor.,The sportsstar is interviewing the journalist.,The mouse is chasing the cat.,The snorkeler is biting the shark.,The judge is sentencing the criminal.,The child is pulling the father on the sled.,The photographer is taking a picture of the model.,The model is taking a picture of the photographer.,The criminal is sentencing the judge.,The criminal is arresting the cop.,The worker is yelling at the boss.,The girl is giving Santa a present.,The lion is pouncing on the Safari guide.,The Safari guide is pouncing on the lion.,The bouncer is preventing the woman from entering.,The lady is cooking for the chef.,The chef is cooking for the lady.,The girl is licking the dog on the face.,The grandmother is saving the lifeguard.,The lady is cooking for the chef.,The judge is sentencing the criminal.,The criminal is sentencing the judge.,The chef is cooking for the lady.,The snorkeler is biting the shark.,The pirate is kidnapping the princess.,The princess is kidnapping the pirate.,The grandpa is dancing for the ballerina.,The waiter is serving the customer.,The customer is serving the waiter.,The thief is stealing the purse from the grandma.,The grandma is stealing the purse from the thief.,The snorkeler is biting the shark.,The blind person is leading the dog.,The baby is feeding the mother.,The bouncer is preventing the woman from entering.,The judge is sentencing the criminal.,The criminal is sentencing the judge.,The priest is blessing the bride.,The baby is feeding the mother.,The lady is cooking for the chef.,The chef is cooking for the lady.,The doctor is using a stethoscope on the patient.,The priest is blessing the bride.,The patient is using a stethoscope on the doctor.,The visitor is pushing the patient.,The groom is carrying the bride.,The bride is carrying the groom.,The queen is bowing to the peasant.,The patient is pushing the visitor.
22,The son is tying the father's shoes.,The criminal is arresting the cop.,The king is entertaining the jester.,The father is tying the son's shoes.,The patient is pushing the visitor.,The bride is blessing the priest.,The ghost is frightening the girl.,The girl is frightening the ghost.,The priest is blessing the bride.,The bride is carrying the groom.,The lawyer is giving money to the beggar.,The dentist is treating the patient.,The blind person is leading the dog.,The grandpa is dancing for the ballerina.,The beggar is giving money to the lawyer.,The grandmother is saving the lifeguard.,The criminal is sentencing the judge.,The artist is painting the businessman.,The judge is sentencing the criminal.,The businessman is painting the artist.,The waiter is serving the customer.,The girl is frightening the ghost.,The bride is carrying the groom.,The girl is licking the dog on the face.,The customer is serving the waiter.,The bride is blessing the priest.,The patient is bringing flowers to the relative.,The priest is blessing the bride.,The beggar is giving money to the lawyer.,The baby is feeding the mother.,The dentist is treating the patient.,The pirate is kidnapping the princess.,The beggar is giving money to the lawyer.,The princess is kidnapping the pirate.,The mouse is chasing the cat.,The judge is sentencing the criminal.,The waiter is serving the customer.,The criminal is sentencing the judge.,The customer is serving the waiter.,The businessman is painting the artist.,The bride is blessing the priest.,The chef is cooking for the lady.,The mouse is chasing the cat.,The priest is blessing the bride.,The lady is cooking for the chef.,The chauffeur is opening the door for the lady.,The lady is opening the door for the chauffeur.,The baby is feeding the mother.,The professor is lecturing to the student.,The student is lecturing to the professor.
23,The judge is sentencing the criminal.,The girl is frightening the ghost.,The student is lecturing to the professor.,The ghost is frightening the girl.,The criminal is sentencing the judge.,The girl is giving Santa a present.,The patient is bringing flowers to the relative.,The pirate is kidnapping the princess.,The princess is kidnapping the pirate.,The criminal is arresting the cop.,The professor is lecturing to the student.,The king is entertaining the jester.,The blind person is leading the dog.,The queen is bowing to the peasant.,The student is lecturing to the professor.,The lady is cooking for the chef.,The student is lecturing to the professor.,The bride is carrying the groom.,The chef is cooking for the lady.,The professor is lecturing to the student.,The shark is biting the snorkeler.,The girl is giving Santa a present.,The snorkeler is biting the shark.,The patient is bringing flowers to the relative.,The baby is feeding the mother.,The child is scolding the babysitter.,The priest is blessing the bride.,The bride is blessing the priest.,The king is entertaining the jester.,The queen is bowing to the peasant.,The professor is lecturing to the student.,The waiter is serving the customer.,The student is lecturing to the professor.,The Safari guide is pouncing on the lion.,The customer is serving the waiter.,The vampire is biting the woman.,The artist is painting the businessman.,The woman is biting the vampire.,The girl is giving Santa a present.,The businessman is painting the artist.,The princess is measuring the tailor.,The professor is lecturing to the student.,The bride is carrying the groom.,The mouse is chasing the cat.,The student is lecturing to the professor.,The chauffeur is opening the door for the lady.,The priest is blessing the bride.,The queen is bowing to the peasant.,The bride is blessing the priest.,The lady is opening the door for the chauffeur.
24,The woman is proposing to the man.,The man is proposing to the woman.,The chauffeur is opening the door for the lady.,The queen is bowing to the peasant.,The lady is opening the door for the chauffeur.,The fireman is rescuing the grandmother.,The babysitter is scolding the child.,The child is scolding the babysitter.,The grandmother is rescuing the fireman.,The bride is carrying the groom.,The bride is blessing the priest.,The princess is kidnapping the pirate.,The father is pulling the child on the sled.,The priest is blessing the bride.,The child is pulling the father on the sled.,The father is pulling the child on the sled.,The professor is lecturing to the student.,The child is pulling the father on the sled.,The student is lecturing to the professor.,The mouse is chasing the cat.,The shark is biting the snorkeler.,The bouncer is preventing the woman from entering.,The professor is lecturing to the student.,The student is lecturing to the professor.,The snorkeler is biting the shark.,The pirate is kidnapping the princess.,The princess is kidnapping the pirate.,The girl is licking the dog on the face.,The beggar is giving money to the lawyer.,The grandmother is rescuing the fireman.,The babysitter is scolding the child.,The father is pulling the child on the sled.,The bride is carrying the groom.,The child is pulling the father on the sled.,The Safari guide is pouncing on the lion.,The chauffeur is opening the door for the lady.,The lady is opening the door for the chauffeur.,The pirate is kidnapping the princess.,The dentist is treating the patient.,The princess is kidnapping the pirate.,The vampire is biting the woman.,The woman is biting the vampire.,The professor is lecturing to the student.,The student is lecturing to the professor.,The grandpa is dancing for the ballerina.,The photographer is taking a picture of the model.,The grandma is stealing the purse from the thief.,The thief is stealing the purse from the grandma.,The priest is blessing the bride.,The bride is blessing the priest.
25,The dentist is treating the patient.,The blind person is leading the dog.,The lady is opening the door for the chauffeur.,The priest is blessing the bride.,The bride is blessing the priest.,The boss is yelling at the worker.,The sportsstar is interviewing the journalist.,The thief is stealing the purse from the grandma.,The grandma is stealing the purse from the thief.,The worker is yelling at the boss.,The grandmother is rescuing the fireman.,The worker is yelling at the boss.,The bride is carrying the groom.,The girl is frightening the ghost.,The ghost is frightening the girl.,The girl is giving Santa a present.,The pirate is kidnapping the princess.,The princess is kidnapping the pirate.,The father is pulling the child on the sled.,The child is pulling the father on the sled.,The lifeguard is saving the grandmother.,The dentist is treating the patient.,The dog is licking the girl on the face.,The girl is licking the dog on the face.,The grandmother is saving the lifeguard.,The boss is yelling at the worker.,The worker is yelling at the boss.,The grandmother is saving the lifeguard.,The photographer is taking a picture of the model.,The beggar is giving money to the lawyer.,The judge is sentencing the criminal.,The thief is stealing the purse from the grandma.,The grandma is stealing the purse from the thief.,The criminal is sentencing the judge.,The grandmother is saving the lifeguard.,The worker is yelling at the boss.,The boss is yelling at the worker.,The fireman is rescuing the grandmother.,The grandmother is rescuing the fireman.,The sportsstar is interviewing the journalist.,The lady is cooking for the chef.,The chef is cooking for the lady.,The grandpa is dancing for the ballerina.,The customer is serving the waiter.,The waiter is serving the customer.,The man is proposing to the woman.,The judge is sentencing the criminal.,The criminal is sentencing the judge.,The princess is kidnapping the pirate.,The pirate is kidnapping the princess.
26,The babysitter is scolding the child.,The child is scolding the babysitter.,The criminal is arresting the cop.,The father is pulling the child on the sled.,The child is pulling the father on the sled.,The dog is leading the blind person.,The girl is giving Santa a present.,The blind person is leading the dog.,The patient is bringing flowers to the relative.,The criminal is arresting the cop.,The grandmother is rescuing the fireman.,The ghost is frightening the girl.,The girl is frightening the ghost.,The waiter is serving the customer.,The customer is serving the waiter.,The fireman is rescuing the grandmother.,The grandmother is rescuing the fireman.,The grandpa is dancing for the ballerina.,The ghost is frightening the girl.,The girl is frightening the ghost.,The woman is biting the vampire.,The pirate is kidnapping the princess.,The princess is kidnapping the pirate.,The girl is frightening the ghost.,The ghost is frightening the girl.,The woman is biting the vampire.,The priest is blessing the bride.,The bride is blessing the priest.,The child is pulling the father on the sled.,The father is pulling the child on the sled.,The father is tying the son's shoes.,The doctor is using a stethoscope on the patient.,The judge is sentencing the criminal.,The criminal is sentencing the judge.,The patient is using a stethoscope on the doctor.,The woman is preventing the bouncer from entering.,The dentist is treating the patient.,The mouse is chasing the cat.,The bouncer is preventing the woman from entering.,The cat is chasing the mouse.,The judge is sentencing the criminal.,The thief is stealing the purse from the grandma.,The bride is carrying the groom.,The grandma is stealing the purse from the thief.,The criminal is sentencing the judge.,The relative is bringing flowers to the patient.,The bouncer is preventing the woman from entering.,The boss is yelling at the worker.,The worker is yelling at the boss.,The patient is bringing flowers to the relative.
27,The artist is painting the businessman.,The cat is chasing the mouse.,The dentist is treating the patient.,The businessman is painting the artist.,The mouse is chasing the cat.,The babysitter is scolding the child.,The bouncer is preventing the woman from entering.,The Safari guide is pouncing on the lion.,The woman is preventing the bouncer from entering.,The queen is bowing to the peasant.,The grandpa is dancing for the ballerina.,The boss is yelling at the worker.,The worker is yelling at the boss.,The customer is serving the waiter.,The waiter is serving the customer.,The artist is painting the businessman.,The dentist is treating the patient.,The blind person is leading the dog.,The businessman is painting the artist.,The beggar is giving money to the lawyer.,The patient is bringing flowers to the relative.,The judge is sentencing the criminal.,The bride is carrying the groom.,The grandmother is saving the lifeguard.,The criminal is sentencing the judge.,The grandmother is rescuing the fireman.,The fireman is rescuing the grandmother.,The worker is yelling at the boss.,The child is pulling the father on the sled.,The father is pulling the child on the sled.,The patient is using a stethoscope on the doctor.,The pirate is kidnapping the princess.,The princess is kidnapping the pirate.,The grandpa is dancing for the ballerina.,The worker is yelling at the boss.,The dog is leading the blind person.,The girl is giving Santa a present.,The lady is opening the door for the chauffeur.,The blind person is leading the dog.,The beggar is giving money to the lawyer.,The baby is feeding the mother.,The bride is carrying the groom.,The beggar is giving money to the lawyer.,The pirate is kidnapping the princess.,The princess is kidnapping the pirate.,The relative is bringing flowers to the patient.,The model is taking a picture of the photographer.,The patient is bringing flowers to the relative.,The photographer is taking a picture of the model.,The woman is biting the vampire.
28,The artist is painting the businessman.,The father is pulling the child on the sled.,The child is pulling the father on the sled.,The businessman is painting the artist.,The baby is feeding the mother.,The cat is chasing the mouse.,The father is pulling the child on the sled.,The child is pulling the father on the sled.,The Safari guide is pouncing on the lion.,The mouse is chasing the cat.,The father is tying the son's shoes.,The queen is bowing to the peasant.,The bride is carrying the groom.,The girl is frightening the ghost.,The ghost is frightening the girl.,The child is scolding the babysitter.,The boss is yelling at the worker.,The worker is yelling at the boss.,The cat is chasing the mouse.,The mouse is chasing the cat.,The princess is measuring the tailor.,The tailor is measuring the princess.,The mouse is chasing the cat.,The cat is chasing the mouse.,The patient is bringing flowers to the relative.,The child is scolding the babysitter.,The ghost is frightening the girl.,The businessman is painting the artist.,The girl is frightening the ghost.,The Safari guide is pouncing on the lion.,The man is proposing to the woman.,The chauffeur is opening the door for the lady.,The princess is measuring the tailor.,The lady is opening the door for the chauffeur.,The tailor is measuring the princess.,The pirate is kidnapping the princess.,The princess is kidnapping the pirate.,The businessman is painting the artist.,The father is pulling the child on the sled.,The child is pulling the father on the sled.,The pirate is kidnapping the princess.,The princess is kidnapping the pirate.,The sportsstar is interviewing the journalist.,The professor is lecturing to the student.,The student is lecturing to the professor.,The lawyer is giving money to the beggar.,The beggar is giving money to the lawyer.,The girl is giving Santa a present.,The ghost is frightening the girl.,The girl is frightening the ghost.
29,The child is scolding the babysitter.,The judge is sentencing the criminal.,The criminal is sentencing the judge.,The waiter is serving the customer.,The customer is serving the waiter.,The model is taking a picture of the photographer.,The photographer is taking a picture of the model.,The chef is cooking for the lady.,The fireman is rescuing the grandmother.,The grandmother is rescuing the fireman.,The woman is preventing the bouncer from entering.,The ghost is frightening the girl.,The girl is frightening the ghost.,The Safari guide is pouncing on the lion.,The girl is giving Santa a present.,The babysitter is scolding the child.,The dog is leading the blind person.,The thief is stealing the purse from the grandma.,The blind person is leading the dog.,The grandma is stealing the purse from the thief.,The king is entertaining the jester.,The princess is kidnapping the pirate.,The patient is bringing flowers to the relative.,The dentist is treating the patient.,The pirate is kidnapping the princess.,The queen is bowing to the peasant.,The girl is giving Santa a present.,The Safari guide is pouncing on the lion.,The grandmother is rescuing the fireman.,The fireman is rescuing the grandmother.,The patient is treating the dentist.,The grandmother is saving the lifeguard.,The child is scolding the babysitter.,The dentist is treating the patient.,The king is entertaining the jester.,The lady is cooking for the chef.,The girl is giving Santa a present.,The chef is cooking for the lady.,The ghost is frightening the girl.,The girl is frightening the ghost.,The dog is licking the girl on the face.,The girl is licking the dog on the face.,The blind person is leading the dog.,The beggar is giving money to the lawyer.,The grandpa is dancing for the ballerina.,The model is taking a picture of the photographer.,The boss is yelling at the worker.,The patient is bringing flowers to the relative.,The photographer is taking a picture of the model.,The worker is yelling at the boss.
30,The girl is giving Santa a present.,The patient is bringing flowers to the relative.,The criminal is arresting the cop.,The customer is serving the waiter.,The waiter is serving the customer.,The judge is sentencing the criminal.,The ghost is frightening the girl.,The girl is frightening the ghost.,The criminal is arresting the cop.,The criminal is sentencing the judge.,The woman is preventing the bouncer from entering.,The groom is carrying the bride.,The bride is carrying the groom.,The cat is chasing the mouse.,The mouse is chasing the cat.,The bouncer is preventing the woman from entering.,The boss is yelling at the worker.,The dentist is treating the patient.,The worker is yelling at the boss.,The woman is preventing the bouncer from entering.,The boss is yelling at the worker.,The blind person is leading the dog.,The worker is yelling at the boss.,The professor is lecturing to the student.,The student is lecturing to the professor.,The chef is cooking for the lady.,The thief is stealing the purse from the grandma.,The pirate is kidnapping the princess.,The princess is kidnapping the pirate.,The grandma is stealing the purse from the thief.,The woman is preventing the bouncer from entering.,The boss is yelling at the worker.,The worker is yelling at the boss.,The thief is stealing the purse from the grandma.,The grandma is stealing the purse from the thief.,The father is tying the son's shoes.,The king is entertaining the jester.,The patient is bringing flowers to the relative.,The professor is lecturing to the student.,The student is lecturing to the professor.,The lawyer is giving money to the beggar.,The cat is chasing the mouse.,The grandmother is saving the lifeguard.,The mouse is chasing the cat.,The beggar is giving money to the lawyer.,The relative is bringing flowers to the patient.,The girl is frightening the ghost.,The patient is bringing flowers to the relative.,The ghost is frightening the girl.,The king is entertaining the jester.
31,The groom is carrying the bride.,The bride is carrying the groom.,The worker is yelling at the boss.,The priest is blessing the bride.,The bride is blessing the priest.,The child is scolding the babysitter.,The pirate is kidnapping the princess.,The snorkeler is biting the shark.,The princess is kidnapping the pirate.,The grandmother is saving the lifeguard.,The worker is yelling at the boss.,The judge is sentencing the criminal.,The criminal is sentencing the judge.,The artist is painting the businessman.,The businessman is painting the artist.,The shark is biting the snorkeler.,The priest is blessing the bride.,The bride is blessing the priest.,The snorkeler is biting the shark.,The grandmother is saving the lifeguard.,The mother is feeding the baby.,The babysitter is scolding the child.,The grandmother is saving the lifeguard.,The child is scolding the babysitter.,The baby is feeding the mother.,The sportsstar is interviewing the journalist.,The beggar is giving money to the lawyer.,The baby is feeding the mother.,The priest is blessing the bride.,The bride is blessing the priest.,The baby is feeding the mother.,The child is pulling the father on the sled.,The blind person is leading the dog.,The ghost is frightening the girl.,The girl is frightening the ghost.,The lady is cooking for the chef.,The chef is cooking for the lady.,The queen is bowing to the peasant.,The thief is stealing the purse from the grandma.,The grandma is stealing the purse from the thief.,The thief is stealing the purse from the grandma.,The blind person is leading the dog.,The dog is leading the blind person.,The grandma is stealing the purse from the thief.,The priest is blessing the bride.,The ghost is frightening the girl.,The blind person is leading the dog.,The girl is frightening the ghost.,The professor is lecturing to the student.,The student is lecturing to the professor.
32,The grandmother is saving the lifeguard.,The waiter is serving the customer.,The customer is serving the waiter.,The judge is sentencing the criminal.,The criminal is sentencing the judge.,The grandma is stealing the purse from the thief.,The criminal is sentencing the judge.,The child is pulling the father on the sled.,The professor is lecturing to the student.,The student is lecturing to the professor.,The queen is bowing to the peasant.,The lady is cooking for the chef.,The customer is serving the waiter.,The chef is cooking for the lady.,The waiter is serving the customer.,The father is pulling the child on the sled.,The professor is lecturing to the student.,The student is lecturing to the professor.,The child is pulling the father on the sled.,The worker is yelling at the boss.,The child is scolding the babysitter.,The woman is preventing the bouncer from entering.,The criminal is arresting the cop.,The priest is blessing the bride.,The bride is blessing the priest.,The dentist is treating the patient.,The pirate is kidnapping the princess.,The princess is kidnapping the pirate.,The fireman is rescuing the grandmother.,The grandmother is rescuing the fireman.,The artist is painting the businessman.,The doctor is using a stethoscope on the patient.,The priest is blessing the bride.,The patient is using a stethoscope on the doctor.,The businessman is painting the artist.,The patient is treating the dentist.,The judge is sentencing the criminal.,The criminal is sentencing the judge.,The dentist is treating the patient.,The blind person is leading the dog.,The dog is licking the girl on the face.,The woman is preventing the bouncer from entering.,The lawyer is giving money to the beggar.,The beggar is giving money to the lawyer.,The girl is licking the dog on the face.,The pirate is kidnapping the princess.,The grandpa is dancing for the ballerina.,The princess is kidnapping the pirate.,The artist is painting the businessman.,The businessman is painting the artist.
33,The patient is bringing flowers to the relative.,The lawyer is giving money to the beggar.,The father is pulling the child on the sled.,The child is pulling the father on the sled.,The beggar is giving money to the lawyer.,The cat is chasing the mouse.,The Safari guide is pouncing on the lion.,The mouse is chasing the cat.,The bride is carrying the groom.,The criminal is sentencing the judge.,The patient is treating the dentist.,The snorkeler is biting the shark.,The patient is bringing flowers to the relative.,The dentist is treating the patient.,The grandmother is saving the lifeguard.,The doctor is using a stethoscope on the patient.,The thief is stealing the purse from the grandma.,The patient is using a stethoscope on the doctor.,The grandma is stealing the purse from the thief.,The businessman is painting the artist.,The ballerina is dancing for the grandpa.,The girl is licking the dog on the face.,The bride is blessing the priest.,The priest is blessing the bride.,The grandpa is dancing for the ballerina.,The beggar is giving money to the lawyer.,The waiter is serving the customer.,The professor is lecturing to the student.,The customer is serving the waiter.,The student is lecturing to the professor.,The pirate is kidnapping the princess.,The princess is kidnapping the pirate.,The fireman is rescuing the grandmother.,The grandmother is rescuing the fireman.,The Safari guide is pouncing on the lion.,The dentist is treating the patient.,The fireman is rescuing the grandmother.,The grandmother is rescuing the fireman.,The ghost is frightening the girl.,The girl is frightening the ghost.,The baby is feeding the mother.,The bride is carrying the groom.,The businessman is painting the artist.,The thief is stealing the purse from the grandma.,The grandma is stealing the purse from the thief.,The woman is biting the vampire.,The ghost is frightening the girl.,The girl is frightening the ghost.,The bouncer is preventing the woman from entering.,The woman is preventing the bouncer from entering.
34,The lion is pouncing on the Safari guide.,The father is tying the son's shoes.,The bride is blessing the priest.,The Safari guide is pouncing on the lion.,The priest is blessing the bride.,The princess is measuring the tailor.,The fireman is rescuing the grandmother.,The grandmother is rescuing the fireman.,The tailor is measuring the princess.,The criminal is arresting the cop.,The woman is biting the vampire.,The girl is giving Santa a present.,The grandmother is saving the lifeguard.,The mouse is chasing the cat.,The cat is chasing the mouse.,The chauffeur is opening the door for the lady.,The dentist is treating the patient.,The lady is opening the door for the chauffeur.,The fireman is rescuing the grandmother.,The grandmother is rescuing the fireman.,The fireman is rescuing the grandmother.,The princess is kidnapping the pirate.,The grandmother is rescuing the fireman.,The chef is cooking for the lady.,The criminal is arresting the cop.,The queen is bowing to the peasant.,The doctor is using a stethoscope on the patient.,The patient is using a stethoscope on the doctor.,The beggar is giving money to the lawyer.,The snorkeler is biting the shark.,The patient is using a stethoscope on the doctor.,The doctor is using a stethoscope on the patient.,The priest is blessing the bride.,The professor is lecturing to the student.,The student is lecturing to the professor.,The princess is kidnapping the pirate.,The model is taking a picture of the photographer.,The sportsstar is interviewing the journalist.,The artist is painting the businessman.,The businessman is painting the artist.,The boss is yelling at the worker.,The pirate is kidnapping the princess.,The princess is kidnapping the pirate.,The worker is yelling at the boss.,The grandpa is dancing for the ballerina.,The bride is blessing the priest.,The artist is painting the businessman.,The queen is bowing to the peasant.,The priest is blessing the bride.,The businessman is painting the artist.
35,The judge is sentencing the criminal.,The pirate is kidnapping the princess.,The princess is kidnapping the pirate.,The lady is opening the door for the chauffeur.,The criminal is sentencing the judge.,The boss is yelling at the worker.,The dog is licking the girl on the face.,The girl is licking the dog on the face.,The worker is yelling at the boss.,The grandpa is dancing for the ballerina.,The girl is frightening the ghost.,The thief is stealing the purse from the grandma.,The grandma is stealing the purse from the thief.,The customer is serving the waiter.,The waiter is serving the customer.,The judge is sentencing the criminal.,The doctor is using a stethoscope on the patient.,The criminal is sentencing the judge.,The patient is using a stethoscope on the doctor.,The child is pulling the father on the sled.,The lady is cooking for the chef.,The mouse is chasing the cat.,The queen is bowing to the peasant.,The chef is cooking for the lady.,The cat is chasing the mouse.,The pirate is kidnapping the princess.,The princess is kidnapping the pirate.,The blind person is leading the dog.,The professor is lecturing to the student.,The student is lecturing to the professor.,The bouncer is preventing the woman from entering.,The queen is bowing to the peasant.,The woman is preventing the bouncer from entering.,The fireman is rescuing the grandmother.,The grandmother is rescuing the fireman.,The princess is measuring the tailor.,The pirate is kidnapping the princess.,The princess is kidnapping the pirate.,The student is lecturing to the professor.,The professor is lecturing to the student.,The bride is blessing the priest.,The criminal is arresting the cop.,The baby is feeding the mother.,The priest is blessing the bride.,The snorkeler is biting the shark.,The woman is preventing the bouncer from entering.,The judge is sentencing the criminal.,The criminal is sentencing the judge.,The cat is chasing the mouse.,The mouse is chasing the cat.
36,The father is pulling the child on the sled.,The child is pulling the father on the sled.,The baby is feeding the mother.,The professor is lecturing to the student.,The student is lecturing to the professor.,The chef is cooking for the lady.,The shark is biting the snorkeler.,The snorkeler is biting the shark.,The lawyer is giving money to the beggar.,The beggar is giving money to the lawyer.,The chauffeur is opening the door for the lady.,The Safari guide is pouncing on the lion.,The grandmother is rescuing the fireman.,The fireman is rescuing the grandmother.,The lady is opening the door for the chauffeur.,The woman is preventing the bouncer from entering.,The father is tying the son's shoes.,The cat is chasing the mouse.,The priest is blessing the bride.,The mouse is chasing the cat.,The child is scolding the babysitter.,The babysitter is scolding the child.,The grandmother is rescuing the fireman.,The fireman is rescuing the grandmother.,The snorkeler is biting the shark.,The grandpa is dancing for the ballerina.,The cat is chasing the mouse.,The grandma is stealing the purse from the thief.,The beggar is giving money to the lawyer.,The mouse is chasing the cat.,The lion is pouncing on the Safari guide.,The photographer is taking a picture of the model.,The girl is giving Santa a present.,The model is taking a picture of the photographer.,The Safari guide is pouncing on the lion.,The patient is bringing flowers to the relative.,The doctor is using a stethoscope on the patient.,The patient is using a stethoscope on the doctor.,The businessman is painting the artist.,The artist is painting the businessman.,The shark is biting the snorkeler.,The babysitter is scolding the child.,The model is taking a picture of the photographer.,The photographer is taking a picture of the model.,The snorkeler is biting the shark.,The man is proposing to the woman.,The chef is cooking for the lady.,The lady is cooking for the chef.,The thief is stealing the purse from the grandma.,The grandma is stealing the purse from the thief.
37,The lion is pouncing on the Safari guide.,The grandmother is saving the lifeguard.,The cat is chasing the mouse.,The Safari guide is pouncing on the lion.,The mouse is chasing the cat.,The bouncer is preventing the woman from entering.,The patient is bringing flowers to the relative.,The woman is preventing the bouncer from entering.,The grandmother is rescuing the fireman.,The fireman is rescuing the grandmother.,The fireman is rescuing the grandmother.,The grandmother is rescuing the fireman.,The baby is feeding the mother.,The doctor is using a stethoscope on the patient.,The patient is using a stethoscope on the doctor.,The chef is cooking for the lady.,The father is tying the son's shoes.,The businessman is painting the artist.,The artist is painting the businessman.,The sportsstar is interviewing the journalist.,The patient is bringing flowers to the relative.,The grandpa is dancing for the ballerina.,The queen is bowing to the peasant.,The chef is cooking for the lady.,The lady is cooking for the chef.,The lawyer is giving money to the beggar.,The princess is kidnapping the pirate.,The beggar is giving money to the lawyer.,The waiter is serving the customer.,The customer is serving the waiter.,The fireman is rescuing the grandmother.,The father is pulling the child on the sled.,The grandmother is rescuing the fireman.,The child is pulling the father on the sled.,The grandmother is saving the lifeguard.,The vampire is biting the woman.,The groom is carrying the bride.,The bride is carrying the groom.,The ghost is frightening the girl.,The girl is frightening the ghost.,The model is taking a picture of the photographer.,The judge is sentencing the criminal.,The criminal is sentencing the judge.,The pirate is kidnapping the princess.,The princess is kidnapping the pirate.,The patient is treating the dentist.,The chef is cooking for the lady.,The dentist is treating the patient.,The pirate is kidnapping the princess.,The princess is kidnapping the pirate.
38,The patient is treating the dentist.,The man is proposing to the woman.,The king is entertaining the jester.,The dentist is treating the patient.,The grandpa is dancing for the ballerina.,The dog is leading the blind person.,The son is tying the father's shoes.,The father is tying the son's shoes.,The blind person is leading the dog.,The grandpa is dancing for the ballerina.,The ghost is frightening the girl.,The king is entertaining the jester.,The judge is sentencing the criminal.,The girl is frightening the ghost.,The criminal is sentencing the judge.,The lifeguard is saving the grandmother.,The lion is pouncing on the Safari guide.,The Safari guide is pouncing on the lion.,The grandmother is saving the lifeguard.,The king is entertaining the jester.,The queen is bowing to the peasant.,The doctor is using a stethoscope on the patient.,The grandmother is saving the lifeguard.,The patient is using a stethoscope on the doctor.,The sportsstar is interviewing the journalist.,The king is entertaining the jester.,The girl is licking the dog on the face.,The blind person is leading the dog.,The doctor is using a stethoscope on the patient.,The patient is using a stethoscope on the doctor.,The groom is carrying the bride.,The ghost is frightening the girl.,The girl is frightening the ghost.,The bride is carrying the groom.,The lady is opening the door for the chauffeur.,The chef is cooking for the lady.,The doctor is using a stethoscope on the patient.,The patient is using a stethoscope on the doctor.,The ghost is frightening the girl.,The girl is frightening the ghost.,The patient is bringing flowers to the relative.,The Safari guide is pouncing on the lion.,The lady is opening the door for the chauffeur.,The girl is frightening the ghost.,The ghost is frightening the girl.,The dog is leading the blind person.,The artist is painting the businessman.,The businessman is painting the artist.,The blind person is leading the dog.,The woman is preventing the bouncer from entering.
39,The Safari guide is pouncing on the lion.,The thief is stealing the purse from the grandma.,The grandma is stealing the purse from the thief.,The customer is serving the waiter.,The waiter is serving the customer.,The tailor is measuring the princess.,The father is pulling the child on the sled.,The criminal is arresting the cop.,The child is pulling the father on the sled.,The sportsstar is interviewing the journalist.,The bride is blessing the priest.,The king is entertaining the jester.,The cat is chasing the mouse.,The priest is blessing the bride.,The mouse is chasing the cat.,The chef is cooking for the lady.,The artist is painting the businessman.,The father is tying the son's shoes.,The criminal is sentencing the judge.,The businessman is painting the artist.,The baby is feeding the mother.,The snorkeler is biting the shark.,The grandpa is dancing for the ballerina.,The doctor is using a stethoscope on the patient.,The patient is using a stethoscope on the doctor.,The princess is measuring the tailor.,The photographer is taking a picture of the model.,The model is taking a picture of the photographer.,The princess is kidnapping the pirate.,The pirate is kidnapping the princess.,The cop is arresting the criminal.,The baby is feeding the mother.,The criminal is arresting the cop.,The blind person is leading the dog.,The snorkeler is biting the shark.,The groom is carrying the bride.,The lawyer is giving money to the beggar.,The girl is giving Santa a present.,The bride is carrying the groom.,The beggar is giving money to the lawyer.,The thief is stealing the purse from the grandma.,The woman is preventing the bouncer from entering.,The blind person is leading the dog.,The grandma is stealing the purse from the thief.,The lady is opening the door for the chauffeur.,The mother is feeding the baby.,The dog is leading the blind person.,The blind person is leading the dog.,The baby is feeding the mother.,The patient is bringing flowers to the relative.
40,The babysitter is scolding the child.,The thief is stealing the purse from the grandma.,The girl is giving Santa a present.,The queen is bowing to the peasant.,The grandma is stealing the purse from the thief.,The child is pulling the father on the sled.,The lawyer is giving money to the beggar.,The ghost is frightening the girl.,The girl is frightening the ghost.,The beggar is giving money to the lawyer.,The woman is preventing the bouncer from entering.,The snorkeler is biting the shark.,The grandmother is rescuing the fireman.,The doctor is using a stethoscope on the patient.,The patient is using a stethoscope on the doctor.,The criminal is arresting the cop.,The doctor is using a stethoscope on the patient.,The patient is using a stethoscope on the doctor.,The beggar is giving money to the lawyer.,The queen is bowing to the peasant.,The boss is yelling at the worker.,The worker is yelling at the boss.,The artist is painting the businessman.,The grandmother is saving the lifeguard.,The businessman is painting the artist.,The sportsstar is interviewing the journalist.,The king is entertaining the jester.,The grandpa is dancing for the ballerina.,The groom is carrying the bride.,The bride is carrying the groom.,The dentist is treating the patient.,The patient is using a stethoscope on the doctor.,The model is taking a picture of the photographer.,The grandma is stealing the purse from the thief.,The doctor is using a stethoscope on the patient.,The dog is leading the blind person.,The queen is bowing to the peasant.,The lady is opening the door for the chauffeur.,The blind person is leading the dog.,The grandpa is dancing for the ballerina.,The boss is yelling at the worker.,The artist is painting the businessman.,The worker is yelling at the boss.,The businessman is painting the artist.,The Safari guide is pouncing on the lion.,The cop is arresting the criminal.,The boss is yelling at the worker.,The worker is yelling at the boss.,The dentist is treating the patient.,The criminal is arresting the cop.
41,The bouncer is preventing the woman from entering.,The father is tying the son's shoes.,The queen is bowing to the peasant.,The criminal is arresting the cop.,The woman is preventing the bouncer from entering.,The son is tying the father's shoes.,The judge is sentencing the criminal.,The criminal is sentencing the judge.,The father is tying the son's shoes.,The criminal is arresting the cop.,The father is tying the son's shoes.,The dentist is treating the patient.,The girl is licking the dog on the face.,The chauffeur is opening the door for the lady.,The lady is opening the door for the chauffeur.,The girl is licking the dog on the face.,The fireman is rescuing the grandmother.,The grandmother is rescuing the fireman.,The professor is lecturing to the student.,The student is lecturing to the professor.,The photographer is taking a picture of the model.,The model is taking a picture of the photographer.,The dentist is treating the patient.,The businessman is painting the artist.,The criminal is sentencing the judge.,The son is tying the father's shoes.,The blind person is leading the dog.,The sportsstar is interviewing the journalist.,The chef is cooking for the lady.,The father is tying the son's shoes.,The patient is bringing flowers to the relative.,The bride is blessing the priest.,The priest is blessing the bride.,The thief is stealing the purse from the grandma.,The grandma is stealing the purse from the thief.,The vampire is biting the woman.,The patient is bringing flowers to the relative.,The baby is feeding the mother.,The worker is yelling at the boss.,The boss is yelling at the worker.,The criminal is sentencing the judge.,The doctor is using a stethoscope on the patient.,The patient is using a stethoscope on the doctor.,The beggar is giving money to the lawyer.,The bride is carrying the groom.,The thief is stealing the purse from the grandma.,The doctor is using a stethoscope on the patient.,The patient is using a stethoscope on the doctor.,The grandma is stealing the purse from the thief.,The Safari guide is pouncing on the lion.
42,The tailor is measuring the princess.,The cop is arresting the criminal.,The criminal is arresting the cop.,The father is tying the son's shoes.,The snorkeler is biting the shark.,The tailor is measuring the princess.,The princess is measuring the tailor.,The baby is feeding the mother.,The dentist is treating the patient.,The patient is treating the dentist.,The tailor is measuring the princess.,The girl is licking the dog on the face.,The princess is measuring the tailor.,The student is lecturing to the professor.,The professor is lecturing to the student.,The father is pulling the child on the sled.,The lion is pouncing on the Safari guide.,The chef is cooking for the lady.,The child is pulling the father on the sled.,The Safari guide is pouncing on the lion.,The artist is painting the businessman.,The criminal is arresting the cop.,The dentist is treating the patient.,The grandmother is saving the lifeguard.,The businessman is painting the artist.,The tailor is measuring the princess.,The princess is measuring the tailor.,The girl is giving Santa a present.,The waiter is serving the customer.,The customer is serving the waiter.,The king is entertaining the jester.,The patient is bringing flowers to the relative.,The girl is licking the dog on the face.,The bride is carrying the groom.,The groom is carrying the bride.,The queen is bowing to the peasant.,The waiter is serving the customer.,The customer is serving the waiter.,The businessman is painting the artist.,The grandma is stealing the purse from the thief.,The fireman is rescuing the grandmother.,The grandmother is rescuing the fireman.,The sportsstar is interviewing the journalist.,The waiter is serving the customer.,The customer is serving the waiter.,The woman is biting the vampire.,The waiter is serving the customer.,The king is entertaining the jester.,The vampire is biting the woman.,The customer is serving the waiter.
43,The cat is chasing the mouse.,The waiter is serving the customer.,The customer is serving the waiter.,The mouse is chasing the cat.,The sportsstar is interviewing the journalist.,The grandpa is dancing for the ballerina.,The grandmother is saving the lifeguard.,The girl is frightening the ghost.,The priest is blessing the bride.,The ghost is frightening the girl.,The tailor is measuring the princess.,The baby is feeding the mother.,The child is pulling the father on the sled.,The priest is blessing the bride.,The bride is blessing the priest.,The patient is treating the dentist.,The dentist is treating the patient.,The ghost is frightening the girl.,The grandmother is saving the lifeguard.,The girl is frightening the ghost.,The criminal is arresting the cop.,The chef is cooking for the lady.,The businessman is painting the artist.,The waiter is serving the customer.,The customer is serving the waiter.,The dentist is treating the patient.,The lady is opening the door for the chauffeur.,The professor is lecturing to the student.,The beggar is giving money to the lawyer.,The student is lecturing to the professor.,The father is pulling the child on the sled.,The lawyer is giving money to the beggar.,The baby is feeding the mother.,The beggar is giving money to the lawyer.,The child is pulling the father on the sled.,The judge is sentencing the criminal.,The criminal is sentencing the judge.,The grandpa is dancing for the ballerina.,The professor is lecturing to the student.,The student is lecturing to the professor.,The patient is bringing flowers to the relative.,The king is entertaining the jester.,The child is pulling the father on the sled.,The pirate is kidnapping the princess.,The princess is kidnapping the pirate.,Santa is giving the girl a present.,The man is proposing to the woman.,The woman is proposing to the man.,The girl is giving Santa a present.,The king is entertaining the jester.
44,The dog is leading the blind person.,The pirate is kidnapping the princess.,The blind person is leading the dog.,The criminal is arresting the cop.,The princess is kidnapping the pirate.,The tailor is measuring the princess.,The girl is licking the dog on the face.,The model is taking a picture of the photographer.,The photographer is taking a picture of the model.,The grandpa is dancing for the ballerina.,The criminal is sentencing the judge.,The dentist is treating the patient.,The professor is lecturing to the student.,The student is lecturing to the professor.,The businessman is painting the artist.,The thief is stealing the purse from the grandma.,The doctor is using a stethoscope on the patient.,The patient is using a stethoscope on the doctor.,The grandma is stealing the purse from the thief.,The woman is preventing the bouncer from entering.,The blind person is leading the dog.,The boss is yelling at the worker.,The worker is yelling at the boss.,The customer is serving the waiter.,The waiter is serving the customer.,The photographer is taking a picture of the model.,The model is taking a picture of the photographer.,The priest is blessing the bride.,The professor is lecturing to the student.,The student is lecturing to the professor.,The dentist is treating the patient.,The criminal is arresting the cop.,The cat is chasing the mouse.,The priest is blessing the bride.,The mouse is chasing the cat.,The dog is leading the blind person.,The criminal is arresting the cop.,The cat is chasing the mouse.,The blind person is leading the dog.,The mouse is chasing the cat.,The baby is feeding the mother.,The groom is carrying the bride.,The bride is carrying the groom.,The blind person is leading the dog.,The criminal is sentencing the judge.,The lawyer is giving money to the beggar.,The photographer is taking a picture of the model.,The model is taking a picture of the photographer.,The sportsstar is interviewing the journalist.,The beggar is giving money to the lawyer.
45,The vampire is biting the woman.,The woman is biting the vampire.,The lifeguard is saving the grandmother.,The grandmother is saving the lifeguard.,The girl is giving Santa a present.,The baby is feeding the mother.,The girl is licking the dog on the face.,The boss is yelling at the worker.,The worker is yelling at the boss.,The snorkeler is biting the shark.,The lifeguard is saving the grandmother.,The woman is preventing the bouncer from entering.,The grandpa is dancing for the ballerina.,The girl is giving Santa a present.,The grandmother is saving the lifeguard.,The child is pulling the father on the sled.,The girl is giving Santa a present.,The doctor is using a stethoscope on the patient.,The patient is using a stethoscope on the doctor.,The beggar is giving money to the lawyer.,The fireman is rescuing the grandmother.,The grandmother is rescuing the fireman.,The blind person is leading the dog.,The professor is lecturing to the student.,The student is lecturing to the professor.,The boss is yelling at the worker.,The grandmother is saving the lifeguard.,The worker is yelling at the boss.,The ghost is frightening the girl.,The girl is frightening the ghost.,The groom is carrying the bride.,The priest is blessing the bride.,The bride is blessing the priest.,The bride is carrying the groom.,The princess is kidnapping the pirate.,The shark is biting the snorkeler.,The grandmother is rescuing the fireman.,The snorkeler is biting the shark.,The baby is feeding the mother.,The sportsstar is interviewing the journalist.,The artist is painting the businessman.,The dog is leading the blind person.,The blind person is leading the dog.,The king is entertaining the jester.,The businessman is painting the artist.,The chauffeur is opening the door for the lady.,The father is tying the son's shoes.,The son is tying the father's shoes.,The businessman is painting the artist.,The lady is opening the door for the chauffeur.
46,The dog is leading the blind person.,The blind person is leading the dog.,The girl is giving Santa a present.,The professor is lecturing to the student.,The student is lecturing to the professor.,The fireman is rescuing the grandmother.,The woman is preventing the bouncer from entering.,The grandmother is saving the lifeguard.,The grandmother is rescuing the fireman.,The girl is giving Santa a present.,The photographer is taking a picture of the model.,The model is taking a picture of the photographer.,The beggar is giving money to the lawyer.,The dentist is treating the patient.,The princess is kidnapping the pirate.,The baby is feeding the mother.,The patient is bringing flowers to the relative.,The criminal is sentencing the judge.,The chauffeur is opening the door for the lady.,The lady is opening the door for the chauffeur.,The father is tying the son's shoes.,The son is tying the father's shoes.,The criminal is sentencing the judge.,The professor is lecturing to the student.,The student is lecturing to the professor.,The child is scolding the babysitter.,The queen is bowing to the peasant.,The babysitter is scolding the child.,The grandpa is dancing for the ballerina.,The sportsstar is interviewing the journalist.,The model is taking a picture of the photographer.,The photographer is taking a picture of the model.,The waiter is serving the customer.,The customer is serving the waiter.,The bride is carrying the groom.,The patient is bringing flowers to the relative.,The professor is lecturing to the student.,The student is lecturing to the professor.,The girl is giving Santa a present.,The woman is biting the vampire.,The patient is treating the dentist.,The bride is blessing the priest.,The dentist is treating the patient.,The grandmother is saving the lifeguard.,The priest is blessing the bride.,The patient is treating the dentist.,The dentist is treating the patient.,The girl is giving Santa a present.,The cat is chasing the mouse.,The mouse is chasing the cat.
47,The woman is biting the vampire.,The boss is yelling at the worker.,The grandmother is saving the lifeguard.,The worker is yelling at the boss.,The grandpa is dancing for the ballerina.,The photographer is taking a picture of the model.,The girl is licking the dog on the face.,The model is taking a picture of the photographer.,The criminal is sentencing the judge.,The princess is kidnapping the pirate.,The fireman is rescuing the grandmother.,The criminal is arresting the cop.,The grandmother is rescuing the fireman.,The cat is chasing the mouse.,The mouse is chasing the cat.,The ghost is frightening the girl.,The model is taking a picture of the photographer.,The grandma is stealing the purse from the thief.,The beggar is giving money to the lawyer.,The girl is frightening the ghost.,The dog is leading the blind person.,The thief is stealing the purse from the grandma.,The grandmother is saving the lifeguard.,The grandma is stealing the purse from the thief.,The blind person is leading the dog.,The king is entertaining the jester.,The sportsstar is interviewing the journalist.,The customer is serving the waiter.,The waiter is serving the customer.,The beggar is giving money to the lawyer.,Santa is giving the girl a present.,The woman is preventing the bouncer from entering.,The girl is giving Santa a present.,The grandmother is saving the lifeguard.,The king is entertaining the jester.,The child is pulling the father on the sled.,The cat is chasing the mouse.,The mouse is chasing the cat.,The baby is feeding the mother.,The girl is giving Santa a present.,The patient is using a stethoscope on the doctor.,The cat is chasing the mouse.,The businessman is painting the artist.,The mouse is chasing the cat.,The worker is yelling at the boss.,The shark is biting the snorkeler.,The father is tying the son's shoes.,The son is tying the father's shoes.,The snorkeler is biting the shark.,The sportsstar is interviewing the journalist.
