0,The shirt ironed the seamstress.,The light bulb changed the groundskeeper.,The squid sauteed the chef.,The plant watered the house sitter.,The paper edited the advisor.,The light bulb changed the groundskeeper.,The squid sauteed the chef.,The paper edited the advisor.,The umbrella forgot the couch-potato.,The jam loathed the dietitian.,The profit calculated the bookseller.,The jam loathed the dietitian.,The paper edited the advisor.,The property examined the constable.,The umbrella forgot the couch-potato.,The ornament hung the uncle.,The necklace stole the bum.,The umbrella forgot the couch-potato.,The paper edited the advisor.,The jam loathed the dietitian.,The shirt ironed the seamstress.,The plant watered the house sitter.,The light bulb changed the groundskeeper.,The squid sauteed the chef.,The paper edited the advisor.,The ornament hung the uncle.,The umbrella forgot the couch-potato.,The paper edited the advisor.,The jam loathed the dietitian.,The necklace stole the bum.,The profit calculated the bookseller.,The property examined the constable.,The paper edited the advisor.,The jam loathed the dietitian.,The umbrella forgot the couch-potato.,The ornament hung the uncle.,The paper edited the advisor.,The necklace stole the bum.,The umbrella forgot the couch-potato.,The jam loathed the dietitian.,The light bulb changed the groundskeeper.,The jam loathed the dietitian.,The squid sauteed the chef.,The plant watered the house sitter.,The paper edited the advisor.,The ornament hung the uncle.,The umbrella forgot the couch-potato.,The necklace stole the bum.,The jam loathed the dietitian.,The paper edited the advisor.
1,The trashcan emptied the fisherman.,The complaint filed the exterminator.,The supper cooked the lady.,The steak ate the carnivore.,The medicine swallowed the patient.,The game won the poker player.,The trashcan emptied the fisherman.,The steak ate the carnivore.,The bottle uncorked the winemaker.,The medicine swallowed the patient.,The jail feared the criminal.,The trashcan emptied the fisherman.,The medicine swallowed the patient.,The squid sauteed the chef.,The complaint filed the exterminator.,The game won the poker player.,The supper cooked the lady.,The trashcan emptied the fisherman.,The bottle uncorked the winemaker.,The medicine swallowed the patient.,The story abandoned the reporter.,The game won the poker player.,The bottle uncorked the winemaker.,The trashcan emptied the fisherman.,The medicine swallowed the patient.,The supper cooked the lady.,The steak ate the carnivore.,The bottle uncorked the winemaker.,The medicine swallowed the patient.,The money wasted the call girl.,The money wasted the call girl.,The trashcan emptied the fisherman.,The supper cooked the lady.,The medicine swallowed the patient.,The bottle uncorked the winemaker.,The triumph promised the ship captain.,The squid sauteed the chef.,The profit calculated the bookseller.,The steak ate the carnivore.,The medicine swallowed the patient.,The trashcan emptied the fisherman.,The squid sauteed the chef.,The medicine swallowed the patient.,The supper cooked the lady.,The steak ate the carnivore.,The cure discovered the scientist.,The supper cooked the lady.,The complaint filed the exterminator.,The medicine swallowed the patient.,The money wasted the call girl.
2,The car crashed the troublemaker.,The itinerary confirmed the comedian.,The jam loathed the dietitian.,The stash hid the hoarder.,The trashcan emptied the fisherman.,The money wasted the call girl.,The trashcan emptied the fisherman.,The jam loathed the dietitian.,The computer purchased the instructor.,The stash hid the hoarder.,The anthem sang the marcher.,The stash hid the hoarder.,The letter sent the cryptographer.,The trashcan emptied the fisherman.,The jam loathed the dietitian.,The car crashed the troublemaker.,The squid sauteed the chef.,The jam loathed the dietitian.,The computer purchased the instructor.,The trashcan emptied the fisherman.,The assignment blew the operative.,The computer purchased the instructor.,The jam loathed the dietitian.,The trashcan emptied the fisherman.,The stash hid the hoarder.,The pipe smoked the crackhead.,The jam loathed the dietitian.,The itinerary confirmed the comedian.,The trashcan emptied the fisherman.,The stash hid the hoarder.,The squid sauteed the chef.,The computer purchased the instructor.,The supper cooked the lady.,The jam loathed the dietitian.,The trashcan emptied the fisherman.,The computer purchased the instructor.,The password memorized the hacker.,The car crashed the troublemaker.,The trashcan emptied the fisherman.,The stash hid the hoarder.,The computer purchased the instructor.,The squid sauteed the chef.,The trashcan emptied the fisherman.,The stash hid the hoarder.,The jam loathed the dietitian.,The password memorized the hacker.,The anthem sang the marcher.,The trashcan emptied the fisherman.,The stash hid the hoarder.,The jam loathed the dietitian.
3,The manuscript revised the mentor.,The trashcan emptied the fisherman.,The trip canceled the archaeologist.,The door unlocked the deckhand.,The anthem sang the marcher.,The address gave the representative.,The door unlocked the deckhand.,The soda drank the man.,The story abandoned the reporter.,The anthem sang the marcher.,The trashcan emptied the fisherman.,The address gave the representative.,The anthem sang the marcher.,The door unlocked the deckhand.,The concert attended the groupie.,The desk organized the secretary.,The stash hid the hoarder.,The door unlocked the deckhand.,The anthem sang the marcher.,The manuscript revised the mentor.,The story abandoned the reporter.,The trashcan emptied the fisherman.,The trip canceled the archaeologist.,The anthem sang the marcher.,The door unlocked the deckhand.,The door unlocked the deckhand.,The soda drank the man.,The trashcan emptied the fisherman.,The anthem sang the marcher.,The trip canceled the archaeologist.,The shirt ironed the seamstress.,The stash hid the hoarder.,The door unlocked the deckhand.,The trip canceled the archaeologist.,The anthem sang the marcher.,The story abandoned the reporter.,The trashcan emptied the fisherman.,The trip canceled the archaeologist.,The door unlocked the deckhand.,The anthem sang the marcher.,The trashcan emptied the fisherman.,The trip canceled the archaeologist.,The anthem sang the marcher.,The door unlocked the deckhand.,The shirt ironed the seamstress.,The trashcan emptied the fisherman.,The turkey basted the boyfriend.,The manuscript revised the mentor.,The door unlocked the deckhand.,The anthem sang the marcher.
4,The brochure skimmed the woodworker.,The medicine swallowed the patient.,The anthem sang the marcher.,The manuscript revised the mentor.,The trashcan emptied the fisherman.,The brochure skimmed the woodworker.,The story abandoned the reporter.,The letter sent the cryptographer.,The manuscript revised the mentor.,The medicine swallowed the patient.,The car crashed the troublemaker.,The anthem sang the marcher.,The trashcan emptied the fisherman.,The medicine swallowed the patient.,The manuscript revised the mentor.,The jam loathed the dietitian.,The trashcan emptied the fisherman.,The medicine swallowed the patient.,The brochure skimmed the woodworker.,The anthem sang the marcher.,The brochure skimmed the woodworker.,The letter sent the cryptographer.,The shirt ironed the seamstress.,The anthem sang the marcher.,The manuscript revised the mentor.,The stash hid the hoarder.,The manuscript revised the mentor.,The shirt ironed the seamstress.,The jam loathed the dietitian.,The anthem sang the marcher.,The story abandoned the reporter.,The manuscript revised the mentor.,The brochure skimmed the woodworker.,The anthem sang the marcher.,The trashcan emptied the fisherman.,The car crashed the troublemaker.,The project sponsored the financier.,The brochure skimmed the woodworker.,The trashcan emptied the fisherman.,The manuscript revised the mentor.,The brochure skimmed the woodworker.,The anthem sang the marcher.,The trip canceled the archaeologist.,The manuscript revised the mentor.,The trashcan emptied the fisherman.,The trashcan emptied the fisherman.,The story abandoned the reporter.,The anthem sang the marcher.,The manuscript revised the mentor.,The brochure skimmed the woodworker.
5,The brochure skimmed the woodworker.,The trashcan emptied the fisherman.,The manuscript revised the mentor.,The jam loathed the dietitian.,The project sponsored the financier.,The stash hid the hoarder.,The letter sent the cryptographer.,The novel finished the author.,The manuscript revised the mentor.,The jam loathed the dietitian.,The concert attended the groupie.,The trashcan emptied the fisherman.,The manuscript revised the mentor.,The letter sent the cryptographer.,The jam loathed the dietitian.,The envelope sealed the voter.,The letter sent the cryptographer.,The project sponsored the financier.,The jam loathed the dietitian.,The brochure skimmed the woodworker.,The paper edited the advisor.,The stash hid the hoarder.,The brochure skimmed the woodworker.,The jam loathed the dietitian.,The manuscript revised the mentor.,The password memorized the hacker.,The brochure skimmed the woodworker.,The manuscript revised the mentor.,The jam loathed the dietitian.,The letter sent the cryptographer.,The brochure skimmed the woodworker.,The trashcan emptied the fisherman.,The manuscript revised the mentor.,The letter sent the cryptographer.,The jam loathed the dietitian.,The steak ate the carnivore.,The brochure skimmed the woodworker.,The letter sent the cryptographer.,The manuscript revised the mentor.,The jam loathed the dietitian.,The trashcan emptied the fisherman.,The letter sent the cryptographer.,The jam loathed the dietitian.,The squid sauteed the chef.,The password memorized the hacker.,The squid sauteed the chef.,The steak ate the carnivore.,The brochure skimmed the woodworker.,The trashcan emptied the fisherman.,The jam loathed the dietitian.
6,The book completed the writer.,The jam loathed the dietitian.,The manuscript revised the mentor.,The novel finished the author.,The brochure skimmed the woodworker.,The project sponsored the financier.,The novel finished the author.,The steak ate the carnivore.,The brochure skimmed the woodworker.,The jam loathed the dietitian.,The manuscript revised the mentor.,The letter sent the cryptographer.,The brochure skimmed the woodworker.,The novel finished the author.,The jam loathed the dietitian.,The squid sauteed the chef.,The itinerary confirmed the comedian.,The anthem sang the marcher.,The trashcan emptied the fisherman.,The jam loathed the dietitian.,The light bulb changed the groundskeeper.,The paper edited the advisor.,The password memorized the hacker.,The manuscript revised the mentor.,The jam loathed the dietitian.,The squid sauteed the chef.,The trashcan emptied the fisherman.,The brochure skimmed the woodworker.,The steak ate the carnivore.,The jam loathed the dietitian.,The steak ate the carnivore.,The brochure skimmed the woodworker.,The trashcan emptied the fisherman.,The light bulb changed the groundskeeper.,The password memorized the hacker.,The project sponsored the financier.,The password memorized the hacker.,The trashcan emptied the fisherman.,The jam loathed the dietitian.,The brochure skimmed the woodworker.,The anthem sang the marcher.,The novel finished the author.,The jam loathed the dietitian.,The brochure skimmed the woodworker.,The password memorized the hacker.,The letter sent the cryptographer.,The brochure skimmed the woodworker.,The password memorized the hacker.,The novel finished the author.,The jam loathed the dietitian.
7,The brochure skimmed the woodworker.,The light bulb changed the groundskeeper.,The anthem sang the marcher.,The trashcan emptied the fisherman.,The steak ate the carnivore.,The grain farmed the townsperson.,The jam loathed the dietitian.,The brochure skimmed the woodworker.,The trashcan emptied the fisherman.,The steak ate the carnivore.,The octopus grilled the cook.,The trashcan emptied the fisherman.,The trip canceled the archaeologist.,The anthem sang the marcher.,The steak ate the carnivore.,The steak ate the carnivore.,The anthem sang the marcher.,The light bulb changed the groundskeeper.,The trashcan emptied the fisherman.,The brochure skimmed the woodworker.,The trashcan emptied the fisherman.,The novel finished the author.,The letter sent the cryptographer.,The password memorized the hacker.,The steak ate the carnivore.,The anthem sang the marcher.,The brochure skimmed the woodworker.,The trashcan emptied the fisherman.,The octopus grilled the cook.,The steak ate the carnivore.,The anthem sang the marcher.,The jam loathed the dietitian.,The steak ate the carnivore.,The trashcan emptied the fisherman.,The password memorized the hacker.,The octopus grilled the cook.,The brochure skimmed the woodworker.,The light bulb changed the groundskeeper.,The steak ate the carnivore.,The trashcan emptied the fisherman.,The password memorized the hacker.,The turkey basted the boyfriend.,The trashcan emptied the fisherman.,The octopus grilled the cook.,The steak ate the carnivore.,The password memorized the hacker.,The anthem sang the marcher.,The octopus grilled the cook.,The trashcan emptied the fisherman.,The steak ate the carnivore.
8,The bottle uncorked the winemaker.,The steak ate the carnivore.,The medicine swallowed the patient.,The trashcan emptied the fisherman.,The anthem sang the marcher.,The password memorized the hacker.,The brochure skimmed the woodworker.,The company ran the tycoon.,The trashcan emptied the fisherman.,The airplane steered the pilot.,The bottle uncorked the winemaker.,The medicine swallowed the patient.,The steak ate the carnivore.,The trashcan emptied the fisherman.,The brochure skimmed the woodworker.,The company ran the tycoon.,The jam loathed the dietitian.,The trashcan emptied the fisherman.,The anthem sang the marcher.,The medicine swallowed the patient.,The bag packed the marine.,The brochure skimmed the woodworker.,The trashcan emptied the fisherman.,The bottle uncorked the winemaker.,The paper edited the advisor.,The paper edited the advisor.,The medicine swallowed the patient.,The steak ate the carnivore.,The brochure skimmed the woodworker.,The trashcan emptied the fisherman.,The bag packed the marine.,The steak ate the carnivore.,The baguette sliced the Frenchman.,The brochure skimmed the woodworker.,The trashcan emptied the fisherman.,The anthem sang the marcher.,The trashcan emptied the fisherman.,The bag packed the marine.,The wash basin cleaned the domestic.,The baguette sliced the Frenchman.,The brochure skimmed the woodworker.,The wash basin cleaned the domestic.,The anthem sang the marcher.,The paper edited the advisor.,The trashcan emptied the fisherman.,The medicine swallowed the patient.,The brochure skimmed the woodworker.,The trashcan emptied the fisherman.,The anthem sang the marcher.,The paper edited the advisor.
9,The dinner prepared the woman.,The baguette sliced the Frenchman.,The letter sent the cryptographer.,The concert attended the groupie.,The trashcan emptied the fisherman.,The grain farmed the townsperson.,The medicine swallowed the patient.,The company ran the tycoon.,The paper edited the advisor.,The trashcan emptied the fisherman.,The octopus grilled the cook.,The computer purchased the instructor.,The baguette sliced the Frenchman.,The light bulb changed the groundskeeper.,The trashcan emptied the fisherman.,The concert attended the groupie.,The password memorized the hacker.,The company ran the tycoon.,The trashcan emptied the fisherman.,The letter sent the cryptographer.,The game won the poker player.,The light bulb changed the groundskeeper.,The password memorized the hacker.,The trashcan emptied the fisherman.,The company ran the tycoon.,The anthem sang the marcher.,The company ran the tycoon.,The password memorized the hacker.,The trashcan emptied the fisherman.,The paper edited the advisor.,The paper edited the advisor.,The baguette sliced the Frenchman.,The trashcan emptied the fisherman.,The password memorized the hacker.,The octopus grilled the cook.,The anthem sang the marcher.,The company ran the tycoon.,The concert attended the groupie.,The trashcan emptied the fisherman.,The baguette sliced the Frenchman.,The baguette sliced the Frenchman.,The pine tree felled the logger.,The company ran the tycoon.,The trashcan emptied the fisherman.,The steak ate the carnivore.,The octopus grilled the cook.,The pine tree felled the logger.,The concert attended the groupie.,The trashcan emptied the fisherman.,The anthem sang the marcher.
10,The clay molded the potter.,The octopus grilled the cook.,The turkey basted the boyfriend.,The squid sauteed the chef.,The baguette sliced the Frenchman.,The baguette sliced the Frenchman.,The squid sauteed the chef.,The anthem sang the marcher.,The octopus grilled the cook.,The turkey basted the boyfriend.,The octopus grilled the cook.,The baguette sliced the Frenchman.,The anthem sang the marcher.,The letter sent the cryptographer.,The turkey basted the boyfriend.,The poem recited the bookworm.,The baguette sliced the Frenchman.,The octopus grilled the cook.,The squid sauteed the chef.,The turkey basted the boyfriend.,The envelope sealed the voter.,The octopus grilled the cook.,The baguette sliced the Frenchman.,The squid sauteed the chef.,The turkey basted the boyfriend.,The novel finished the author.,The faucet repaired the handyman.,The story abandoned the reporter.,The squid sauteed the chef.,The turkey basted the boyfriend.,The octopus grilled the cook.,The letter sent the cryptographer.,The baguette sliced the Frenchman.,The squid sauteed the chef.,The turkey basted the boyfriend.,The pipe smoked the crackhead.,The octopus grilled the cook.,The baguette sliced the Frenchman.,The turkey basted the boyfriend.,The squid sauteed the chef.,The octopus grilled the cook.,The letter sent the cryptographer.,The baguette sliced the Frenchman.,The squid sauteed the chef.,The turkey basted the boyfriend.,The baguette sliced the Frenchman.,The turkey basted the boyfriend.,The poem recited the bookworm.,The squid sauteed the chef.,The octopus grilled the cook.
11,The laptop bought the teacher.,The poem recited the bookworm.,The computer purchased the instructor.,The envelope sealed the voter.,The game won the poker player.,The novel finished the author.,The poem recited the bookworm.,The filet devoured the meat-eater.,The game won the poker player.,The envelope sealed the voter.,The company ran the tycoon.,The novel finished the author.,The concert attended the groupie.,The envelope sealed the voter.,The game won the poker player.,The computer purchased the instructor.,The bus exited the tourist.,The envelope sealed the voter.,The game won the poker player.,The banner raised the soldier.,The company ran the tycoon.,The fund established the supremacist.,The poem recited the bookworm.,The game won the poker player.,The envelope sealed the voter.,The baguette sliced the Frenchman.,The envelope sealed the voter.,The filet devoured the meat-eater.,The banner raised the soldier.,The game won the poker player.,The novel finished the author.,The envelope sealed the voter.,The game won the poker player.,The poem recited the bookworm.,The baguette sliced the Frenchman.,The concert attended the groupie.,The turkey basted the boyfriend.,The medicine swallowed the patient.,The filet devoured the meat-eater.,The game won the poker player.,The filet devoured the meat-eater.,The computer purchased the instructor.,The poem recited the bookworm.,The game won the poker player.,The envelope sealed the voter.,The company ran the tycoon.,The concert attended the groupie.,The envelope sealed the voter.,The fund established the supremacist.,The game won the poker player.
12,The envelope sealed the voter.,The banner raised the soldier.,The novel finished the author.,The paper edited the advisor.,The baguette sliced the Frenchman.,The bus exited the tourist.,The button pressed the attendant.,The poem recited the bookworm.,The envelope sealed the voter.,The paper edited the advisor.,The bus exited the tourist.,The concert attended the groupie.,The poem recited the bookworm.,The jet maneuvered the aviator.,The envelope sealed the voter.,The disease contracted the marauder.,The company ran the tycoon.,The speech delivered the congressman.,The envelope sealed the voter.,The paper edited the advisor.,The poem recited the bookworm.,The concert attended the groupie.,The envelope sealed the voter.,The novel finished the author.,The paper edited the advisor.,The speech delivered the congressman.,The concert attended the groupie.,The novel finished the author.,The envelope sealed the voter.,The paper edited the advisor.,The bus exited the tourist.,The dinner prepared the woman.,The concert attended the groupie.,The envelope sealed the voter.,The paper edited the advisor.,The medicine swallowed the patient.,The novel finished the author.,The paper edited the advisor.,The banner raised the soldier.,The envelope sealed the voter.,The banner raised the soldier.,The company ran the tycoon.,The novel finished the author.,The envelope sealed the voter.,The paper edited the advisor.,The concert attended the groupie.,The novel finished the author.,The paper edited the advisor.,The poem recited the bookworm.,The envelope sealed the voter.
13,The paper edited the advisor.,The jet maneuvered the aviator.,The bus exited the tourist.,The envelope sealed the voter.,The novel finished the author.,The envelope sealed the voter.,The company ran the tycoon.,The paper edited the advisor.,The bus exited the tourist.,The school closed the doctor.,The flag hoisted the serviceman.,The sugar sprinkled the confectioner.,The paper edited the advisor.,The gun loaded the minuteman.,The jet maneuvered the aviator.,The envelope sealed the voter.,The novel finished the author.,The jet maneuvered the aviator.,The school closed the doctor.,The paper edited the advisor.,The fund established the supremacist.,The bus exited the tourist.,The paper edited the advisor.,The jet maneuvered the aviator.,The desk organized the secretary.,The speech delivered the congressman.,The bus exited the tourist.,The jet maneuvered the aviator.,The paper edited the advisor.,The school closed the doctor.,The fund established the supremacist.,The school closed the doctor.,The paper edited the advisor.,The jet maneuvered the aviator.,The company ran the tycoon.,The baguette sliced the Frenchman.,The novel finished the author.,The paper edited the advisor.,The bus exited the tourist.,The jet maneuvered the aviator.,The sugar sprinkled the confectioner.,The paper edited the advisor.,The school closed the doctor.,The envelope sealed the voter.,The bus exited the tourist.,The novel finished the author.,The jet maneuvered the aviator.,The envelope sealed the voter.,The paper edited the advisor.,The school closed the doctor.
14,The envelope sealed the voter.,The address gave the representative.,The baguette sliced the Frenchman.,The school closed the doctor.,The doctor closed the school.,The paper edited the advisor.,The envelope sealed the voter.,The bus exited the tourist.,The school closed the doctor.,The doctor closed the school.,The paper edited the advisor.,The sink wiped the servant.,The school closed the doctor.,The bus exited the tourist.,The envelope sealed the voter.,The door unlocked the deckhand.,The light bulb changed the groundskeeper.,The school closed the doctor.,The envelope sealed the voter.,The bus exited the tourist.,The jet maneuvered the aviator.,The doctor closed the school.,The bus exited the tourist.,The paper edited the advisor.,The school closed the doctor.,The doctor closed the school.,The fund established the supremacist.,The school closed the doctor.,The jet maneuvered the aviator.,The paper edited the advisor.,The doctor closed the school.,The bus exited the tourist.,The envelope sealed the voter.,The school closed the doctor.,The profit calculated the bookseller.,The jet maneuvered the aviator.,The light bulb changed the groundskeeper.,The paper edited the advisor.,The bus exited the tourist.,The school closed the doctor.,The envelope sealed the voter.,The sink wiped the servant.,The doctor closed the school.,The bus exited the tourist.,The school closed the doctor.,The paper edited the advisor.,The baguette sliced the Frenchman.,The school closed the doctor.,The bus exited the tourist.,The envelope sealed the voter.
15,The medicine swallowed the patient.,The sink wiped the servant.,The school closed the doctor.,The jet maneuvered the aviator.,The suit wrinkled the interviewee.,The sink wiped the servant.,The jet maneuvered the aviator.,The school closed the doctor.,The suit wrinkled the interviewee.,The bus exited the tourist.,The suit wrinkled the interviewee.,The school closed the doctor.,The fund established the supremacist.,The bus exited the tourist.,The profit calculated the bookseller.,The jet maneuvered the aviator.,The bus exited the tourist.,The suit wrinkled the interviewee.,The medicine swallowed the patient.,The school closed the doctor.,The sink wiped the servant.,The gun loaded the minuteman.,The school closed the doctor.,The jet maneuvered the aviator.,The bus exited the tourist.,The school closed the doctor.,The sink wiped the servant.,The envelope sealed the voter.,The bus exited the tourist.,The medicine swallowed the patient.,The jet maneuvered the aviator.,The bus exited the tourist.,The sink wiped the servant.,The medicine swallowed the patient.,The suit wrinkled the interviewee.,The doctor closed the school.,The bus exited the tourist.,The sink wiped the servant.,The suit wrinkled the interviewee.,The school closed the doctor.,The bus exited the tourist.,The suit wrinkled the interviewee.,The school closed the doctor.,The doctor closed the school.,The jet maneuvered the aviator.,The medicine swallowed the patient.,The jet maneuvered the aviator.,The school closed the doctor.,The sink wiped the servant.,The suit wrinkled the interviewee.
16,The sink wiped the servant.,The fund established the supremacist.,The suit wrinkled the interviewee.,The bus exited the tourist.,The cushion lifted the maid.,The sink wiped the servant.,The car crashed the troublemaker.,The envelope sealed the voter.,The door unlocked the deckhand.,The bus exited the tourist.,The doctor closed the school.,The sink wiped the servant.,The suit wrinkled the interviewee.,The school closed the doctor.,The bus exited the tourist.,The school closed the doctor.,The fund established the supremacist.,The jet maneuvered the aviator.,The suit wrinkled the interviewee.,The gun loaded the minuteman.,The envelope sealed the voter.,The suit wrinkled the interviewee.,The school closed the doctor.,The sink wiped the servant.,The bus exited the tourist.,The sink wiped the servant.,The envelope sealed the voter.,The school closed the doctor.,The gun loaded the minuteman.,The bus exited the tourist.,The sink wiped the servant.,The pine tree felled the logger.,The bus exited the tourist.,The gun loaded the minuteman.,The suit wrinkled the interviewee.,The suit wrinkled the interviewee.,The envelope sealed the voter.,The gun loaded the minuteman.,The bus exited the tourist.,The sink wiped the servant.,The suit wrinkled the interviewee.,The envelope sealed the voter.,The baguette sliced the Frenchman.,The bus exited the tourist.,The school closed the doctor.,The envelope sealed the voter.,The car crashed the troublemaker.,The sink wiped the servant.,The itinerary confirmed the comedian.,The bus exited the tourist.
17,The itinerary confirmed the comedian.,The sink wiped the servant.,The school closed the doctor.,The gun loaded the minuteman.,The bus exited the tourist.,The itinerary confirmed the comedian.,The baguette sliced the Frenchman.,The bus exited the tourist.,The school closed the doctor.,The sink wiped the servant.,The squid sauteed the chef.,The sink wiped the servant.,The bus exited the tourist.,The school closed the doctor.,The baguette sliced the Frenchman.,The gun loaded the minuteman.,The octopus grilled the cook.,The bus exited the tourist.,The itinerary confirmed the comedian.,The baguette sliced the Frenchman.,The sink wiped the servant.,The cushion lifted the maid.,The bus exited the tourist.,The school closed the doctor.,The baguette sliced the Frenchman.,The cushion lifted the maid.,The bus exited the tourist.,The jet maneuvered the aviator.,The sink wiped the servant.,The flag hoisted the serviceman.,The fund established the supremacist.,The itinerary confirmed the comedian.,The envelope sealed the voter.,The bus exited the tourist.,The school closed the doctor.,The jet maneuvered the aviator.,The sink wiped the servant.,The envelope sealed the voter.,The school closed the doctor.,The baguette sliced the Frenchman.,The suit wrinkled the interviewee.,The fund established the supremacist.,The baguette sliced the Frenchman.,The jet maneuvered the aviator.,The itinerary confirmed the comedian.,The envelope sealed the voter.,The baguette sliced the Frenchman.,The bus exited the tourist.,The itinerary confirmed the comedian.,The school closed the doctor.
18,The gun loaded the minuteman.,The jet maneuvered the aviator.,The bus exited the tourist.,The faucet repaired the handyman.,The itinerary confirmed the comedian.,The flag hoisted the serviceman.,The itinerary confirmed the comedian.,The jet maneuvered the aviator.,The school closed the doctor.,The bus exited the tourist.,The fund established the supremacist.,The bus exited the tourist.,The banner raised the soldier.,The flag hoisted the serviceman.,The jet maneuvered the aviator.,The doctor closed the school.,The cushion lifted the maid.,The jet maneuvered the aviator.,The school closed the doctor.,The bus exited the tourist.,The octopus grilled the cook.,The faucet repaired the handyman.,The aviator maneuvered the jet.,The jet maneuvered the aviator.,The itinerary confirmed the comedian.,The flag hoisted the serviceman.,The gun loaded the minuteman.,The school closed the doctor.,The jet maneuvered the aviator.,The bus exited the tourist.,The jet maneuvered the aviator.,The fund established the supremacist.,The school closed the doctor.,The bus exited the tourist.,The speech delivered the congressman.,The doctor closed the school.,The school closed the doctor.,The jet maneuvered the aviator.,The bus exited the tourist.,The gun loaded the minuteman.,The gun loaded the minuteman.,The school closed the doctor.,The jet maneuvered the aviator.,The bus exited the tourist.,The itinerary confirmed the comedian.,The itinerary confirmed the comedian.,The flag hoisted the serviceman.,The jet maneuvered the aviator.,The bus exited the tourist.,The school closed the doctor.
19,The faucet repaired the handyman.,The order placed the tanner.,The jet maneuvered the aviator.,The itinerary confirmed the comedian.,The flag hoisted the serviceman.,The flag hoisted the serviceman.,The gun loaded the minuteman.,The comedian confirmed the itinerary.,The itinerary confirmed the comedian.,The jet maneuvered the aviator.,The school closed the doctor.,The bus exited the tourist.,The jet maneuvered the aviator.,The flag hoisted the serviceman.,The faucet repaired the handyman.,The gun loaded the minuteman.,The faucet repaired the handyman.,The bus exited the tourist.,The itinerary confirmed the comedian.,The flag hoisted the serviceman.,The baguette sliced the Frenchman.,The bus exited the tourist.,The gun loaded the minuteman.,The jet maneuvered the aviator.,The flag hoisted the serviceman.,The itinerary confirmed the comedian.,The flag hoisted the serviceman.,The jet maneuvered the aviator.,The bus exited the tourist.,The gun loaded the minuteman.,The bus exited the tourist.,The cushion lifted the maid.,The jet maneuvered the aviator.,The itinerary confirmed the comedian.,The flag hoisted the serviceman.,The cushion lifted the maid.,The itinerary confirmed the comedian.,The bus exited the tourist.,The flag hoisted the serviceman.,The jet maneuvered the aviator.,The faucet repaired the handyman.,The flag hoisted the serviceman.,The itinerary confirmed the comedian.,The jet maneuvered the aviator.,The bus exited the tourist.,The alcohol provided the overseer.,The faucet repaired the handyman.,The jet maneuvered the aviator.,The flag hoisted the serviceman.,The bus exited the tourist.
20,The gun loaded the minuteman.,The turkey basted the boyfriend.,The itinerary confirmed the comedian.,The jet maneuvered the aviator.,The flag hoisted the serviceman.,The itinerary confirmed the comedian.,The jet maneuvered the aviator.,The jail feared the criminal.,The flag hoisted the serviceman.,The bus exited the tourist.,The turkey basted the boyfriend.,The order placed the tanner.,The baguette sliced the Frenchman.,The flag hoisted the serviceman.,The jet maneuvered the aviator.,The baguette sliced the Frenchman.,The order placed the tanner.,The itinerary confirmed the comedian.,The bus exited the tourist.,The flag hoisted the serviceman.,The jail feared the criminal.,The turkey basted the boyfriend.,The question posed the caseworker.,The bus exited the tourist.,The flag hoisted the serviceman.,The flag hoisted the serviceman.,The jet maneuvered the aviator.,The itinerary confirmed the comedian.,The bus exited the tourist.,The baguette sliced the Frenchman.,The turkey basted the boyfriend.,The bus exited the tourist.,The flag hoisted the serviceman.,The baguette sliced the Frenchman.,The jet maneuvered the aviator.,The order placed the tanner.,The flag hoisted the serviceman.,The jet maneuvered the aviator.,The bus exited the tourist.,The itinerary confirmed the comedian.,The jet maneuvered the aviator.,The turkey basted the boyfriend.,The bus exited the tourist.,The flag hoisted the serviceman.,The itinerary confirmed the comedian.,The turkey basted the boyfriend.,The itinerary confirmed the comedian.,The bus exited the tourist.,The flag hoisted the serviceman.,The jet maneuvered the aviator.
21,The apartment redecorated the copycat.,The sugar sprinkled the confectioner.,The jet maneuvered the aviator.,The itinerary confirmed the comedian.,The order placed the tanner.,The tanner placed the order.,The turkey basted the boyfriend.,The flag hoisted the serviceman.,The jet maneuvered the aviator.,The order placed the tanner.,The jet maneuvered the aviator.,The order placed the tanner.,The suit wrinkled the interviewee.,The itinerary confirmed the comedian.,The complaint filed the exterminator.,The itinerary confirmed the comedian.,The flag hoisted the serviceman.,The jet maneuvered the aviator.,The order placed the tanner.,The turkey basted the boyfriend.,The bus exited the tourist.,The turkey basted the boyfriend.,The jet maneuvered the aviator.,The flag hoisted the serviceman.,The itinerary confirmed the comedian.,The flag hoisted the serviceman.,The bus exited the tourist.,The gun loaded the minuteman.,The souvenir lost the traveler.,The jet maneuvered the aviator.,The order placed the tanner.,The itinerary confirmed the comedian.,The flag hoisted the serviceman.,The jet maneuvered the aviator.,The turkey basted the boyfriend.,The order placed the tanner.,The jet maneuvered the aviator.,The bus exited the tourist.,The flag hoisted the serviceman.,The itinerary confirmed the comedian.,The turkey basted the boyfriend.,The bus exited the tourist.,The order placed the tanner.,The jet maneuvered the aviator.,The itinerary confirmed the comedian.,The doctor closed the school.,The apartment redecorated the copycat.,The bus exited the tourist.,The school closed the doctor.,The jet maneuvered the aviator.
22,The itinerary confirmed the comedian.,The apartment redecorated the copycat.,The jet maneuvered the aviator.,The flag hoisted the serviceman.,The bus exited the tourist.,The school closed the doctor.,The complaint filed the exterminator.,The flag hoisted the serviceman.,The itinerary confirmed the comedian.,The bus exited the tourist.,The turkey basted the boyfriend.,The flag hoisted the serviceman.,The comedian confirmed the itinerary.,The itinerary confirmed the comedian.,The bus exited the tourist.,The trip canceled the archaeologist.,The jet maneuvered the aviator.,The itinerary confirmed the comedian.,The bus exited the tourist.,The school closed the doctor.,The jet maneuvered the aviator.,The flag hoisted the serviceman.,The order placed the tanner.,The itinerary confirmed the comedian.,The bus exited the tourist.,The sugar sprinkled the confectioner.,The flag hoisted the serviceman.,The itinerary confirmed the comedian.,The bus exited the tourist.,The jet maneuvered the aviator.,The jet maneuvered the aviator.,The flag hoisted the serviceman.,The fund established the supremacist.,The bus exited the tourist.,The itinerary confirmed the comedian.,The flag hoisted the serviceman.,The trip canceled the archaeologist.,The gun loaded the minuteman.,The itinerary confirmed the comedian.,The bus exited the tourist.,The address gave the representative.,The complaint filed the exterminator.,The gun loaded the minuteman.,The itinerary confirmed the comedian.,The bus exited the tourist.,The gun loaded the minuteman.,The jet maneuvered the aviator.,The flag hoisted the serviceman.,The itinerary confirmed the comedian.,The bus exited the tourist.
23,The bus exited the tourist.,The flag hoisted the serviceman.,The souvenir lost the traveler.,The attendant pressed the button.,The itinerary confirmed the comedian.,The pullover donned the friend.,The attendant pressed the button.,The article ditched the journalist.,The bus exited the tourist.,The itinerary confirmed the comedian.,The pullover donned the friend.,The souvenir lost the traveler.,The bus exited the tourist.,The flag hoisted the serviceman.,The itinerary confirmed the comedian.,The attendant pressed the button.,The souvenir lost the traveler.,The itinerary confirmed the comedian.,The bus exited the tourist.,The flag hoisted the serviceman.,The painting inherited the count.,The turkey basted the boyfriend.,The souvenir lost the traveler.,The itinerary confirmed the comedian.,The flag hoisted the serviceman.,The jet maneuvered the aviator.,The attendant pressed the button.,The bus exited the tourist.,The flag hoisted the serviceman.,The itinerary confirmed the comedian.,The attendant pressed the button.,The flag hoisted the serviceman.,The bus exited the tourist.,The souvenir lost the traveler.,The itinerary confirmed the comedian.,The souvenir lost the traveler.,The attendant pressed the button.,The flag hoisted the serviceman.,The itinerary confirmed the comedian.,The bus exited the tourist.,The flag hoisted the serviceman.,The appointment rescheduled the manicurist.,The itinerary confirmed the comedian.,The souvenir lost the traveler.,The bus exited the tourist.,The attendant pressed the button.,The souvenir lost the traveler.,The flag hoisted the serviceman.,The bus exited the tourist.,The itinerary confirmed the comedian.
24,The order placed the tanner.,The article ditched the journalist.,The flag hoisted the serviceman.,The bus exited the tourist.,The itinerary confirmed the comedian.,The order placed the tanner.,The bus exited the tourist.,The flag hoisted the serviceman.,The attendant pressed the button.,The itinerary confirmed the comedian.,The flag hoisted the serviceman.,The complaint filed the exterminator.,The itinerary confirmed the comedian.,The souvenir lost the traveler.,The attendant pressed the button.,The apartment redecorated the copycat.,The order placed the tanner.,The turkey basted the boyfriend.,The itinerary confirmed the comedian.,The flag hoisted the serviceman.,The souvenir lost the traveler.,The bus exited the tourist.,The flag hoisted the serviceman.,The attendant pressed the button.,The itinerary confirmed the comedian.,The bus exited the tourist.,The appointment rescheduled the manicurist.,The flag hoisted the serviceman.,The itinerary confirmed the comedian.,The souvenir lost the traveler.,The flag hoisted the serviceman.,The suit wrinkled the interviewee.,The itinerary confirmed the comedian.,The bus exited the tourist.,The school closed the doctor.,The bus exited the tourist.,The flag hoisted the serviceman.,The trip canceled the archaeologist.,The souvenir lost the traveler.,The itinerary confirmed the comedian.,The apartment redecorated the copycat.,The order placed the tanner.,The flag hoisted the serviceman.,The alcohol provided the overseer.,The itinerary confirmed the comedian.,The light bulb changed the groundskeeper.,The bus exited the tourist.,The souvenir lost the traveler.,The itinerary confirmed the comedian.,The flag hoisted the serviceman.
25,The flag hoisted the serviceman.,The alcohol provided the overseer.,The order placed the tanner.,The itinerary confirmed the comedian.,The appointment rescheduled the manicurist.,The alcohol provided the overseer.,The attendant pressed the button.,The flag hoisted the serviceman.,The bus exited the tourist.,The itinerary confirmed the comedian.,The order placed the tanner.,The school closed the doctor.,The itinerary confirmed the comedian.,The bus exited the tourist.,The appointment rescheduled the manicurist.,The tap fixed the repairman.,The school closed the doctor.,The appointment rescheduled the manicurist.,The itinerary confirmed the comedian.,The apartment redecorated the copycat.,The cure discovered the scientist.,The suit wrinkled the interviewee.,The bus exited the tourist.,The itinerary confirmed the comedian.,The alcohol provided the overseer.,The school closed the doctor.,The alcohol provided the overseer.,The flag hoisted the serviceman.,The itinerary confirmed the comedian.,The bus exited the tourist.,The appointment rescheduled the manicurist.,The light bulb changed the groundskeeper.,The itinerary confirmed the comedian.,The flag hoisted the serviceman.,The attendant pressed the button.,The order placed the tanner.,The flag hoisted the serviceman.,The attendant pressed the button.,The itinerary confirmed the comedian.,The bus exited the tourist.,The flag hoisted the serviceman.,The order placed the tanner.,The appointment rescheduled the manicurist.,The apartment redecorated the copycat.,The itinerary confirmed the comedian.,The flag hoisted the serviceman.,The appointment rescheduled the manicurist.,The bus exited the tourist.,The alcohol provided the overseer.,The itinerary confirmed the comedian.
26,The appointment rescheduled the manicurist.,The alcohol provided the overseer.,The flag hoisted the serviceman.,The itinerary confirmed the comedian.,The bus exited the tourist.,The school closed the doctor.,The attendant pressed the button.,The appointment rescheduled the manicurist.,The itinerary confirmed the comedian.,The bus exited the tourist.,The fund established the supremacist.,The alcohol provided the overseer.,The itinerary confirmed the comedian.,The bus exited the tourist.,The flag hoisted the serviceman.,The banner raised the soldier.,The order placed the tanner.,The flag hoisted the serviceman.,The itinerary confirmed the comedian.,The appointment rescheduled the manicurist.,The attendant pressed the button.,The doctor closed the school.,The order placed the tanner.,The itinerary confirmed the comedian.,The bus exited the tourist.,The bus exited the tourist.,The itinerary confirmed the comedian.,The order placed the tanner.,The graph created the bookkeeper.,The appointment rescheduled the manicurist.,The flag hoisted the serviceman.,The banner raised the soldier.,The speech delivered the congressman.,The appointment rescheduled the manicurist.,The itinerary confirmed the comedian.,The itinerary confirmed the comedian.,The bus exited the tourist.,The alcohol provided the overseer.,The school closed the doctor.,The order placed the tanner.,The alcohol provided the overseer.,The itinerary confirmed the comedian.,The doctor closed the school.,The school closed the doctor.,The bus exited the tourist.,The bus exited the tourist.,The doctor closed the school.,The apartment redecorated the copycat.,The appointment rescheduled the manicurist.,The school closed the doctor.
27,The brochure skimmed the woodworker.,The appointment rescheduled the manicurist.,The itinerary confirmed the comedian.,The school closed the doctor.,The bus exited the tourist.,The doctor closed the school.,The order placed the tanner.,The appointment rescheduled the manicurist.,The light bulb changed the groundskeeper.,The itinerary confirmed the comedian.,The school closed the doctor.,The jam loathed the dietitian.,The bus exited the tourist.,The itinerary confirmed the comedian.,The appointment rescheduled the manicurist.,The apartment redecorated the copycat.,The itinerary confirmed the comedian.,The appointment rescheduled the manicurist.,The school closed the doctor.,The jam loathed the dietitian.,The appointment rescheduled the manicurist.,The apartment redecorated the copycat.,The bus exited the tourist.,The itinerary confirmed the comedian.,The light bulb changed the groundskeeper.,The suit wrinkled the interviewee.,The order placed the tanner.,The apartment redecorated the copycat.,The itinerary confirmed the comedian.,The appointment rescheduled the manicurist.,The jam loathed the dietitian.,The speech delivered the congressman.,The school closed the doctor.,The itinerary confirmed the comedian.,The appointment rescheduled the manicurist.,The light bulb changed the groundskeeper.,The bus exited the tourist.,The jam loathed the dietitian.,The itinerary confirmed the comedian.,The order placed the tanner.,The order placed the tanner.,The brochure skimmed the woodworker.,The light bulb changed the groundskeeper.,The itinerary confirmed the comedian.,The appointment rescheduled the manicurist.,The jam loathed the dietitian.,The order placed the tanner.,The appointment rescheduled the manicurist.,The itinerary confirmed the comedian.,The alcohol provided the overseer.
28,The brochure skimmed the woodworker.,The order placed the tanner.,The itinerary confirmed the comedian.,The jam loathed the dietitian.,The appointment rescheduled the manicurist.,The school closed the doctor.,The order placed the tanner.,The bus exited the tourist.,The light bulb changed the groundskeeper.,The brochure skimmed the woodworker.,The school closed the doctor.,The light bulb changed the groundskeeper.,The itinerary confirmed the comedian.,The brochure skimmed the woodworker.,The bus exited the tourist.,The alcohol provided the overseer.,The jam loathed the dietitian.,The school closed the doctor.,The itinerary confirmed the comedian.,The appointment rescheduled the manicurist.,The itinerary confirmed the comedian.,The gun loaded the minuteman.,The jam loathed the dietitian.,The light bulb changed the groundskeeper.,The appointment rescheduled the manicurist.,The appointment rescheduled the manicurist.,The bus exited the tourist.,The itinerary confirmed the comedian.,The light bulb changed the groundskeeper.,The brochure skimmed the woodworker.,The light bulb changed the groundskeeper.,The school closed the doctor.,The bus exited the tourist.,The itinerary confirmed the comedian.,The appointment rescheduled the manicurist.,The necklace stole the bum.,The appointment rescheduled the manicurist.,The school closed the doctor.,The itinerary confirmed the comedian.,The alcohol provided the overseer.,The school closed the doctor.,The appointment rescheduled the manicurist.,The brochure skimmed the woodworker.,The bus exited the tourist.,The itinerary confirmed the comedian.,The alcohol provided the overseer.,The jam loathed the dietitian.,The itinerary confirmed the comedian.,The appointment rescheduled the manicurist.,The brochure skimmed the woodworker.
29,The brochure skimmed the woodworker.,The order placed the tanner.,The jam loathed the dietitian.,The light bulb changed the groundskeeper.,The appointment rescheduled the manicurist.,The school closed the doctor.,The doctor closed the school.,The appointment rescheduled the manicurist.,The light bulb changed the groundskeeper.,The itinerary confirmed the comedian.,The gun loaded the minuteman.,The brochure skimmed the woodworker.,The appointment rescheduled the manicurist.,The itinerary confirmed the comedian.,The light bulb changed the groundskeeper.,The jam loathed the dietitian.,The gun loaded the minuteman.,The light bulb changed the groundskeeper.,The itinerary confirmed the comedian.,The appointment rescheduled the manicurist.,The doctor closed the school.,The light bulb changed the groundskeeper.,The itinerary confirmed the comedian.,The appointment rescheduled the manicurist.,The jam loathed the dietitian.,The jam loathed the dietitian.,The doctor closed the school.,The appointment rescheduled the manicurist.,The light bulb changed the groundskeeper.,The brochure skimmed the woodworker.,The brochure skimmed the woodworker.,The light bulb changed the groundskeeper.,The itinerary confirmed the comedian.,The jam loathed the dietitian.,The appointment rescheduled the manicurist.,The tap fixed the repairman.,The alcohol provided the overseer.,The light bulb changed the groundskeeper.,The appointment rescheduled the manicurist.,The jam loathed the dietitian.,The alcohol provided the overseer.,The light bulb changed the groundskeeper.,The itinerary confirmed the comedian.,The jam loathed the dietitian.,The appointment rescheduled the manicurist.,The ornament hung the uncle.,The necklace stole the bum.,The gun loaded the minuteman.,The appointment rescheduled the manicurist.,The itinerary confirmed the comedian.
30,The light bulb changed the groundskeeper.,The order placed the tanner.,The bus exited the tourist.,The itinerary confirmed the comedian.,The appointment rescheduled the manicurist.,The school closed the doctor.,The jam loathed the dietitian.,The light bulb changed the groundskeeper.,The itinerary confirmed the comedian.,The appointment rescheduled the manicurist.,The gun loaded the minuteman.,The light bulb changed the groundskeeper.,The jam loathed the dietitian.,The itinerary confirmed the comedian.,The appointment rescheduled the manicurist.,The attendant pressed the button.,The itinerary confirmed the comedian.,The light bulb changed the groundskeeper.,The gun loaded the minuteman.,The triumph promised the ship captain.,The brochure skimmed the woodworker.,The appointment rescheduled the manicurist.,The itinerary confirmed the comedian.,The gun loaded the minuteman.,The light bulb changed the groundskeeper.,The jam loathed the dietitian.,The contract burned the charlatan.,The itinerary confirmed the comedian.,The bus exited the tourist.,The appointment rescheduled the manicurist.,The jam loathed the dietitian.,The itinerary confirmed the comedian.,The appointment rescheduled the manicurist.,The light bulb changed the groundskeeper.,The gun loaded the minuteman.,The bus exited the tourist.,The brochure skimmed the woodworker.,The gun loaded the minuteman.,The itinerary confirmed the comedian.,The appointment rescheduled the manicurist.,The itinerary confirmed the comedian.,The jam loathed the dietitian.,The tap fixed the repairman.,The light bulb changed the groundskeeper.,The appointment rescheduled the manicurist.,The tap fixed the repairman.,The order placed the tanner.,The appointment rescheduled the manicurist.,The jam loathed the dietitian.,The itinerary confirmed the comedian.
31,The gun loaded the minuteman.,The itinerary confirmed the comedian.,The order placed the tanner.,The appointment rescheduled the manicurist.,The light bulb changed the groundskeeper.,The light bulb changed the groundskeeper.,The triumph promised the ship captain.,The tap fixed the repairman.,The itinerary confirmed the comedian.,The appointment rescheduled the manicurist.,The order placed the tanner.,The appointment rescheduled the manicurist.,The jam loathed the dietitian.,The tap fixed the repairman.,The light bulb changed the groundskeeper.,The light bulb changed the groundskeeper.,The order placed the tanner.,The tap fixed the repairman.,The gun loaded the minuteman.,The jam loathed the dietitian.,The victory guaranteed the skipper.,The school closed the doctor.,The necklace stole the bum.,The order placed the tanner.,The appointment rescheduled the manicurist.,The gun loaded the minuteman.,The jam loathed the dietitian.,The tap fixed the repairman.,The appointment rescheduled the manicurist.,The school closed the doctor.,The bus exited the tourist.,The order placed the tanner.,The tap fixed the repairman.,The appointment rescheduled the manicurist.,The light bulb changed the groundskeeper.,The doctor closed the school.,The appointment rescheduled the manicurist.,The bus exited the tourist.,The light bulb changed the groundskeeper.,The order placed the tanner.,The tap fixed the repairman.,The light bulb changed the groundskeeper.,The bus exited the tourist.,The triumph promised the ship captain.,The necklace stole the bum.,The itinerary confirmed the comedian.,The gun loaded the minuteman.,The tap fixed the repairman.,The appointment rescheduled the manicurist.,The light bulb changed the groundskeeper.
32,The school closed the doctor.,The order placed the tanner.,The itinerary confirmed the comedian.,The bus exited the tourist.,The appointment rescheduled the manicurist.,The doctor closed the school.,The triumph promised the ship captain.,The itinerary confirmed the comedian.,The tap fixed the repairman.,The appointment rescheduled the manicurist.,The triumph promised the ship captain.,The itinerary confirmed the comedian.,The light bulb changed the groundskeeper.,The appointment rescheduled the manicurist.,The bus exited the tourist.,The necklace stole the bum.,The triumph promised the ship captain.,The appointment rescheduled the manicurist.,The light bulb changed the groundskeeper.,The itinerary confirmed the comedian.,The alcohol provided the overseer.,The necklace stole the bum.,The appointment rescheduled the manicurist.,The itinerary confirmed the comedian.,The tap fixed the repairman.,The alcohol provided the overseer.,The shirt ironed the seamstress.,The jam loathed the dietitian.,The tap fixed the repairman.,The appointment rescheduled the manicurist.,The necklace stole the bum.,The bus exited the tourist.,The tap fixed the repairman.,The appointment rescheduled the manicurist.,The itinerary confirmed the comedian.,The order placed the tanner.,The triumph promised the ship captain.,The light bulb changed the groundskeeper.,The itinerary confirmed the comedian.,The appointment rescheduled the manicurist.,The doctor closed the school.,The tap fixed the repairman.,The order placed the tanner.,The appointment rescheduled the manicurist.,The itinerary confirmed the comedian.,The tap fixed the repairman.,The necklace stole the bum.,The light bulb changed the groundskeeper.,The itinerary confirmed the comedian.,The appointment rescheduled the manicurist.
33,The order placed the tanner.,The light bulb changed the groundskeeper.,The itinerary confirmed the comedian.,The tap fixed the repairman.,The appointment rescheduled the manicurist.,The tap fixed the repairman.,The appointment rescheduled the manicurist.,The order placed the tanner.,The itinerary confirmed the comedian.,The bus exited the tourist.,The gun loaded the minuteman.,The tap fixed the repairman.,The appointment rescheduled the manicurist.,The itinerary confirmed the comedian.,The bus exited the tourist.,The light bulb changed the groundskeeper.,The tap fixed the repairman.,The appointment rescheduled the manicurist.,The bus exited the tourist.,The itinerary confirmed the comedian.,The light bulb changed the groundskeeper.,The bus exited the tourist.,The tap fixed the repairman.,The itinerary confirmed the comedian.,The appointment rescheduled the manicurist.,The itinerary confirmed the comedian.,The light bulb changed the groundskeeper.,The order placed the tanner.,The tap fixed the repairman.,The appointment rescheduled the manicurist.,The light bulb changed the groundskeeper.,The appointment rescheduled the manicurist.,The bus exited the tourist.,The gun loaded the minuteman.,The itinerary confirmed the comedian.,The light bulb changed the groundskeeper.,The tap fixed the repairman.,The bus exited the tourist.,The itinerary confirmed the comedian.,The appointment rescheduled the manicurist.,The school closed the doctor.,The tap fixed the repairman.,The appointment rescheduled the manicurist.,The itinerary confirmed the comedian.,The bus exited the tourist.,The tap fixed the repairman.,The school closed the doctor.,The appointment rescheduled the manicurist.,The bus exited the tourist.,The itinerary confirmed the comedian.
34,The tap fixed the repairman.,The triumph promised the ship captain.,The victory guaranteed the skipper.,The appointment rescheduled the manicurist.,The itinerary confirmed the comedian.,The light bulb changed the groundskeeper.,The tap fixed the repairman.,The bus exited the tourist.,The appointment rescheduled the manicurist.,The itinerary confirmed the comedian.,The tap fixed the repairman.,The light bulb changed the groundskeeper.,The itinerary confirmed the comedian.,The triumph promised the ship captain.,The appointment rescheduled the manicurist.,The triumph promised the ship captain.,The appointment rescheduled the manicurist.,The bus exited the tourist.,The itinerary confirmed the comedian.,The tap fixed the repairman.,The victory guaranteed the skipper.,The itinerary confirmed the comedian.,The triumph promised the ship captain.,The bus exited the tourist.,The appointment rescheduled the manicurist.,The jam loathed the dietitian.,The itinerary confirmed the comedian.,The bus exited the tourist.,The light bulb changed the groundskeeper.,The appointment rescheduled the manicurist.,The shirt ironed the seamstress.,The bus exited the tourist.,The tap fixed the repairman.,The appointment rescheduled the manicurist.,The itinerary confirmed the comedian.,The bus exited the tourist.,The itinerary confirmed the comedian.,The light bulb changed the groundskeeper.,The tap fixed the repairman.,The appointment rescheduled the manicurist.,The light bulb changed the groundskeeper.,The itinerary confirmed the comedian.,The triumph promised the ship captain.,The appointment rescheduled the manicurist.,The bus exited the tourist.,The victory guaranteed the skipper.,The tap fixed the repairman.,The itinerary confirmed the comedian.,The appointment rescheduled the manicurist.,The bus exited the tourist.
35,The victory guaranteed the skipper.,The triumph promised the ship captain.,The bus exited the tourist.,The appointment rescheduled the manicurist.,The itinerary confirmed the comedian.,The triumph promised the ship captain.,The itinerary confirmed the comedian.,The victory guaranteed the skipper.,The bus exited the tourist.,The appointment rescheduled the manicurist.,The light bulb changed the groundskeeper.,The tap fixed the repairman.,The bus exited the tourist.,The itinerary confirmed the comedian.,The appointment rescheduled the manicurist.,The gun loaded the minuteman.,The bus exited the tourist.,The triumph promised the ship captain.,The itinerary confirmed the comedian.,The appointment rescheduled the manicurist.,The victory guaranteed the skipper.,The school closed the doctor.,The bus exited the tourist.,The triumph promised the ship captain.,The appointment rescheduled the manicurist.,The order placed the tanner.,The itinerary confirmed the comedian.,The bus exited the tourist.,The tap fixed the repairman.,The appointment rescheduled the manicurist.,The tap fixed the repairman.,The triumph promised the ship captain.,The itinerary confirmed the comedian.,The bus exited the tourist.,The appointment rescheduled the manicurist.,The necklace stole the bum.,The light bulb changed the groundskeeper.,The itinerary confirmed the comedian.,The appointment rescheduled the manicurist.,The bus exited the tourist.,The triumph promised the ship captain.,The doctor closed the school.,The bus exited the tourist.,The appointment rescheduled the manicurist.,The itinerary confirmed the comedian.,The victory guaranteed the skipper.,The triumph promised the ship captain.,The itinerary confirmed the comedian.,The appointment rescheduled the manicurist.,The bus exited the tourist.
36,The itinerary confirmed the comedian.,The tap fixed the repairman.,The appointment rescheduled the manicurist.,The bus exited the tourist.,The light bulb changed the groundskeeper.,The doctor closed the school.,The bus exited the tourist.,The itinerary confirmed the comedian.,The triumph promised the ship captain.,The appointment rescheduled the manicurist.,The triumph promised the ship captain.,The tap fixed the repairman.,The appointment rescheduled the manicurist.,The itinerary confirmed the comedian.,The bus exited the tourist.,The victory guaranteed the skipper.,The appointment rescheduled the manicurist.,The triumph promised the ship captain.,The tap fixed the repairman.,The bus exited the tourist.,The doctor closed the school.,The triumph promised the ship captain.,The appointment rescheduled the manicurist.,The tap fixed the repairman.,The bus exited the tourist.,The victory guaranteed the skipper.,The tap fixed the repairman.,The triumph promised the ship captain.,The appointment rescheduled the manicurist.,The bus exited the tourist.,The triumph promised the ship captain.,The itinerary confirmed the comedian.,The bus exited the tourist.,The tap fixed the repairman.,The appointment rescheduled the manicurist.,The triumph promised the ship captain.,The itinerary confirmed the comedian.,The tap fixed the repairman.,The bus exited the tourist.,The appointment rescheduled the manicurist.,The victory guaranteed the skipper.,The gun loaded the minuteman.,The bus exited the tourist.,The triumph promised the ship captain.,The appointment rescheduled the manicurist.,The triumph promised the ship captain.,The tap fixed the repairman.,The jam loathed the dietitian.,The bus exited the tourist.,The appointment rescheduled the manicurist.
37,The triumph promised the ship captain.,The tap fixed the repairman.,The bus exited the tourist.,The itinerary confirmed the comedian.,The appointment rescheduled the manicurist.,The triumph promised the ship captain.,The itinerary confirmed the comedian.,The appointment rescheduled the manicurist.,The bus exited the tourist.,The jam loathed the dietitian.,The game won the poker player.,The itinerary confirmed the comedian.,The appointment rescheduled the manicurist.,The triumph promised the ship captain.,The bus exited the tourist.,The school closed the doctor.,The tap fixed the repairman.,The itinerary confirmed the comedian.,The appointment rescheduled the manicurist.,The bus exited the tourist.,The itinerary confirmed the comedian.,The jam loathed the dietitian.,The tap fixed the repairman.,The bus exited the tourist.,The appointment rescheduled the manicurist.,The triumph promised the ship captain.,The victory guaranteed the skipper.,The bus exited the tourist.,The appointment rescheduled the manicurist.,The itinerary confirmed the comedian.,The tap fixed the repairman.,The chart made the accountant.,The game won the poker player.,The bus exited the tourist.,The jam loathed the dietitian.,The appointment rescheduled the manicurist.,The jam loathed the dietitian.,The light bulb changed the groundskeeper.,The tap fixed the repairman.,The bus exited the tourist.,The gun loaded the minuteman.,The appointment rescheduled the manicurist.,The triumph promised the ship captain.,The tap fixed the repairman.,The bus exited the tourist.,The itinerary confirmed the comedian.,The victory guaranteed the skipper.,The tap fixed the repairman.,The bus exited the tourist.,The appointment rescheduled the manicurist.
38,The address gave the representative.,The itinerary confirmed the comedian.,The triumph promised the ship captain.,The appointment rescheduled the manicurist.,The bus exited the tourist.,The tap fixed the repairman.,The itinerary confirmed the comedian.,The triumph promised the ship captain.,The bus exited the tourist.,The appointment rescheduled the manicurist.,The victory guaranteed the skipper.,The itinerary confirmed the comedian.,The triumph promised the ship captain.,The appointment rescheduled the manicurist.,The bus exited the tourist.,The victory guaranteed the skipper.,The manicurist rescheduled the appointment.,The bus exited the tourist.,The itinerary confirmed the comedian.,The appointment rescheduled the manicurist.,The gun loaded the minuteman.,The itinerary confirmed the comedian.,The appointment rescheduled the manicurist.,The bus exited the tourist.,The tap fixed the repairman.,The manicurist rescheduled the appointment.,The victory guaranteed the skipper.,The itinerary confirmed the comedian.,The tap fixed the repairman.,The appointment rescheduled the manicurist.,The address gave the representative.,The triumph promised the ship captain.,The bus exited the tourist.,The itinerary confirmed the comedian.,The appointment rescheduled the manicurist.,The victory guaranteed the skipper.,The tap fixed the repairman.,The game won the poker player.,The appointment rescheduled the manicurist.,The bus exited the tourist.,The victory guaranteed the skipper.,The address gave the representative.,The triumph promised the ship captain.,The bus exited the tourist.,The appointment rescheduled the manicurist.,The school closed the doctor.,The victory guaranteed the skipper.,The itinerary confirmed the comedian.,The bus exited the tourist.,The appointment rescheduled the manicurist.
39,The gun loaded the minuteman.,The school closed the doctor.,The appointment rescheduled the manicurist.,The tap fixed the repairman.,The bus exited the tourist.,The address gave the representative.,The victory guaranteed the skipper.,The itinerary confirmed the comedian.,The appointment rescheduled the manicurist.,The bus exited the tourist.,The game won the poker player.,The itinerary confirmed the comedian.,The tap fixed the repairman.,The appointment rescheduled the manicurist.,The bus exited the tourist.,The light bulb changed the groundskeeper.,The address gave the representative.,The itinerary confirmed the comedian.,The appointment rescheduled the manicurist.,The bus exited the tourist.,The victory guaranteed the skipper.,The appointment rescheduled the manicurist.,The bus exited the tourist.,The game won the poker player.,The tap fixed the repairman.,The school closed the doctor.,The bus exited the tourist.,The appointment rescheduled the manicurist.,The tap fixed the repairman.,The light bulb changed the groundskeeper.,The itinerary confirmed the comedian.,The jam loathed the dietitian.,The appointment rescheduled the manicurist.,The bus exited the tourist.,The tap fixed the repairman.,The victory guaranteed the skipper.,The tap fixed the repairman.,The itinerary confirmed the comedian.,The appointment rescheduled the manicurist.,The bus exited the tourist.,The school closed the doctor.,The itinerary confirmed the comedian.,The bus exited the tourist.,The tap fixed the repairman.,The appointment rescheduled the manicurist.,The jam loathed the dietitian.,The tap fixed the repairman.,The appointment rescheduled the manicurist.,The itinerary confirmed the comedian.,The bus exited the tourist.
40,The school closed the doctor.,The itinerary confirmed the comedian.,The address gave the representative.,The appointment rescheduled the manicurist.,The bus exited the tourist.,The school closed the doctor.,The triumph promised the ship captain.,The game won the poker player.,The bus exited the tourist.,The appointment rescheduled the manicurist.,The school closed the doctor.,The tap fixed the repairman.,The bus exited the tourist.,The appointment rescheduled the manicurist.,The light bulb changed the groundskeeper.,The game won the poker player.,The itinerary confirmed the comedian.,The bus exited the tourist.,The appointment rescheduled the manicurist.,The tap fixed the repairman.,The itinerary confirmed the comedian.,The triumph promised the ship captain.,The appointment rescheduled the manicurist.,The bus exited the tourist.,The school closed the doctor.,The light bulb changed the groundskeeper.,The tap fixed the repairman.,The bus exited the tourist.,The appointment rescheduled the manicurist.,The jam loathed the dietitian.,The game won the poker player.,The school closed the doctor.,The bus exited the tourist.,The tap fixed the repairman.,The appointment rescheduled the manicurist.,The school closed the doctor.,The fund established the supremacist.,The itinerary confirmed the comedian.,The appointment rescheduled the manicurist.,The bus exited the tourist.,The appointment rescheduled the manicurist.,The light bulb changed the groundskeeper.,The bus exited the tourist.,The school closed the doctor.,The jam loathed the dietitian.,The itinerary confirmed the comedian.,The tap fixed the repairman.,The appointment rescheduled the manicurist.,The light bulb changed the groundskeeper.,The bus exited the tourist.
41,The doctor closed the school.,The bus exited the tourist.,The game won the poker player.,The gun loaded the minuteman.,The appointment rescheduled the manicurist.,The itinerary confirmed the comedian.,The game won the poker player.,The tap fixed the repairman.,The victory guaranteed the skipper.,The appointment rescheduled the manicurist.,The victory guaranteed the skipper.,The tap fixed the repairman.,The game won the poker player.,The appointment rescheduled the manicurist.,The bus exited the tourist.,The school closed the doctor.,The itinerary confirmed the comedian.,The victory guaranteed the skipper.,The appointment rescheduled the manicurist.,The bus exited the tourist.,The light bulb changed the groundskeeper.,The appointment rescheduled the manicurist.,The game won the poker player.,The bus exited the tourist.,The school closed the doctor.,The light bulb changed the groundskeeper.,The itinerary confirmed the comedian.,The bus exited the tourist.,The tap fixed the repairman.,The appointment rescheduled the manicurist.,The tap fixed the repairman.,The itinerary confirmed the comedian.,The bus exited the tourist.,The appointment rescheduled the manicurist.,The victory guaranteed the skipper.,The school closed the doctor.,The itinerary confirmed the comedian.,The light bulb changed the groundskeeper.,The appointment rescheduled the manicurist.,The tap fixed the repairman.,The victory guaranteed the skipper.,The itinerary confirmed the comedian.,The tap fixed the repairman.,The appointment rescheduled the manicurist.,The bus exited the tourist.,The school closed the doctor.,The bus exited the tourist.,The appointment rescheduled the manicurist.,The game won the poker player.,The tap fixed the repairman.
42,The game won the poker player.,The bus exited the tourist.,The appointment rescheduled the manicurist.,The tap fixed the repairman.,The light bulb changed the groundskeeper.,The address gave the representative.,The appointment rescheduled the manicurist.,The tap fixed the repairman.,The itinerary confirmed the comedian.,The bus exited the tourist.,The shirt ironed the seamstress.,The tap fixed the repairman.,The bus exited the tourist.,The appointment rescheduled the manicurist.,The light bulb changed the groundskeeper.,The school closed the doctor.,The game won the poker player.,The appointment rescheduled the manicurist.,The bus exited the tourist.,The tap fixed the repairman.,The school closed the doctor.,The triumph promised the ship captain.,The appointment rescheduled the manicurist.,The bus exited the tourist.,The tap fixed the repairman.,The light bulb changed the groundskeeper.,The appointment rescheduled the manicurist.,The tap fixed the repairman.,The game won the poker player.,The bus exited the tourist.,The school closed the doctor.,The bus exited the tourist.,The itinerary confirmed the comedian.,The appointment rescheduled the manicurist.,The tap fixed the repairman.,The tap fixed the repairman.,The bus exited the tourist.,The itinerary confirmed the comedian.,The light bulb changed the groundskeeper.,The appointment rescheduled the manicurist.,The light bulb changed the groundskeeper.,The school closed the doctor.,The appointment rescheduled the manicurist.,The bus exited the tourist.,The tap fixed the repairman.,The school closed the doctor.,The light bulb changed the groundskeeper.,The tap fixed the repairman.,The appointment rescheduled the manicurist.,The bus exited the tourist.
43,The itinerary confirmed the comedian.,The shirt ironed the seamstress.,The manicurist rescheduled the appointment.,The tap fixed the repairman.,The appointment rescheduled the manicurist.,The light bulb changed the groundskeeper.,The doctor closed the school.,The bus exited the tourist.,The school closed the doctor.,The appointment rescheduled the manicurist.,The shirt ironed the seamstress.,The game won the poker player.,The appointment rescheduled the manicurist.,The bus exited the tourist.,The tap fixed the repairman.,The tap fixed the repairman.,The light bulb changed the groundskeeper.,The appointment rescheduled the manicurist.,The bus exited the tourist.,The game won the poker player.,The bus exited the tourist.,The game won the poker player.,The light bulb changed the groundskeeper.,The appointment rescheduled the manicurist.,The address gave the representative.,The shirt ironed the seamstress.,The tap fixed the repairman.,The gun loaded the minuteman.,The appointment rescheduled the manicurist.,The bus exited the tourist.,The doctor closed the school.,The school closed the doctor.,The tap fixed the repairman.,The bus exited the tourist.,The appointment rescheduled the manicurist.,The gun loaded the minuteman.,The address gave the representative.,The light bulb changed the groundskeeper.,The bus exited the tourist.,The appointment rescheduled the manicurist.,The itinerary confirmed the comedian.,The school closed the doctor.,The tap fixed the repairman.,The appointment rescheduled the manicurist.,The bus exited the tourist.,The light bulb changed the groundskeeper.,The tap fixed the repairman.,The appointment rescheduled the manicurist.,The bus exited the tourist.,The school closed the doctor.
44,The tap fixed the repairman.,The light bulb changed the groundskeeper.,The school closed the doctor.,The appointment rescheduled the manicurist.,The bus exited the tourist.,The appointment rescheduled the manicurist.,The bus exited the tourist.,The triumph promised the ship captain.,The game won the poker player.,The light bulb changed the groundskeeper.,The school closed the doctor.,The triumph promised the ship captain.,The itinerary confirmed the comedian.,The appointment rescheduled the manicurist.,The bus exited the tourist.,The victory guaranteed the skipper.,The address gave the representative.,The appointment rescheduled the manicurist.,The tap fixed the repairman.,The bus exited the tourist.,The tap fixed the repairman.,The bus exited the tourist.,The address gave the representative.,The itinerary confirmed the comedian.,The appointment rescheduled the manicurist.,The itinerary confirmed the comedian.,The school closed the doctor.,The appointment rescheduled the manicurist.,The bus exited the tourist.,The tap fixed the repairman.,The trip canceled the archaeologist.,The triumph promised the ship captain.,The itinerary confirmed the comedian.,The bus exited the tourist.,The appointment rescheduled the manicurist.,The victory guaranteed the skipper.,The appointment rescheduled the manicurist.,The school closed the doctor.,The bus exited the tourist.,The tap fixed the repairman.,The light bulb changed the groundskeeper.,The appointment rescheduled the manicurist.,The school closed the doctor.,The bus exited the tourist.,The tap fixed the repairman.,The manicurist rescheduled the appointment.,The appointment rescheduled the manicurist.,The bus exited the tourist.,The tap fixed the repairman.,The school closed the doctor.
45,The fund established the supremacist.,The itinerary confirmed the comedian.,The trip canceled the archaeologist.,The appointment rescheduled the manicurist.,The bus exited the tourist.,The address gave the representative.,The itinerary confirmed the comedian.,The triumph promised the ship captain.,The bus exited the tourist.,The appointment rescheduled the manicurist.,The game won the poker player.,The itinerary confirmed the comedian.,The bus exited the tourist.,The address gave the representative.,The appointment rescheduled the manicurist.,The triumph promised the ship captain.,The gun loaded the minuteman.,The appointment rescheduled the manicurist.,The itinerary confirmed the comedian.,The bus exited the tourist.,The tap fixed the repairman.,The itinerary confirmed the comedian.,The address gave the representative.,The appointment rescheduled the manicurist.,The bus exited the tourist.,The itinerary confirmed the comedian.,The victory guaranteed the skipper.,The address gave the representative.,The bus exited the tourist.,The appointment rescheduled the manicurist.,The manicurist rescheduled the appointment.,The itinerary confirmed the comedian.,The bus exited the tourist.,The gun loaded the minuteman.,The appointment rescheduled the manicurist.,The itinerary confirmed the comedian.,The tap fixed the repairman.,The bus exited the tourist.,The appointment rescheduled the manicurist.,The address gave the representative.,The triumph promised the ship captain.,The address gave the representative.,The itinerary confirmed the comedian.,The bus exited the tourist.,The appointment rescheduled the manicurist.,The address gave the representative.,The trip canceled the archaeologist.,The itinerary confirmed the comedian.,The appointment rescheduled the manicurist.,The bus exited the tourist.
46,The victory guaranteed the skipper.,The gun loaded the minuteman.,The bus exited the tourist.,The appointment rescheduled the manicurist.,The address gave the representative.,The address gave the representative.,The envelope sealed the voter.,The itinerary confirmed the comedian.,The bus exited the tourist.,The appointment rescheduled the manicurist.,The triumph promised the ship captain.,The shirt ironed the seamstress.,The trip canceled the archaeologist.,The address gave the representative.,The appointment rescheduled the manicurist.,The shirt ironed the seamstress.,The itinerary confirmed the comedian.,The manicurist rescheduled the appointment.,The appointment rescheduled the manicurist.,The bus exited the tourist.,The itinerary confirmed the comedian.,The triumph promised the ship captain.,The gun loaded the minuteman.,The address gave the representative.,The appointment rescheduled the manicurist.,The game won the poker player.,The address gave the representative.,The bus exited the tourist.,The school closed the doctor.,The appointment rescheduled the manicurist.,The fund established the supremacist.,The appointment rescheduled the manicurist.,The itinerary confirmed the comedian.,The bus exited the tourist.,The address gave the representative.,The trip canceled the archaeologist.,The address gave the representative.,The bus exited the tourist.,The itinerary confirmed the comedian.,The appointment rescheduled the manicurist.,The address gave the representative.,The victory guaranteed the skipper.,The bus exited the tourist.,The appointment rescheduled the manicurist.,The gun loaded the minuteman.,The victory guaranteed the skipper.,The fund established the supremacist.,The address gave the representative.,The appointment rescheduled the manicurist.,The bus exited the tourist.
47,The light bulb changed the groundskeeper.,The chart made the accountant.,The bus exited the tourist.,The address gave the representative.,The appointment rescheduled the manicurist.,The game won the poker player.,The chart made the accountant.,The cure discovered the scientist.,The bus exited the tourist.,The appointment rescheduled the manicurist.,The cure discovered the scientist.,The school closed the doctor.,The bus exited the tourist.,The appointment rescheduled the manicurist.,The address gave the representative.,The school closed the doctor.,The appointment rescheduled the manicurist.,The gun loaded the minuteman.,The bus exited the tourist.,The address gave the representative.,The wash basin cleaned the domestic.,The bus exited the tourist.,The appointment rescheduled the manicurist.,The gun loaded the minuteman.,The game won the poker player.,The shirt ironed the seamstress.,The bus exited the tourist.,The address gave the representative.,The cure discovered the scientist.,The appointment rescheduled the manicurist.,The itinerary confirmed the comedian.,The address gave the representative.,The bus exited the tourist.,The appointment rescheduled the manicurist.,The school closed the doctor.,The light bulb changed the groundskeeper.,The game won the poker player.,The address gave the representative.,The bus exited the tourist.,The appointment rescheduled the manicurist.,The chart made the accountant.,The game won the poker player.,The address gave the representative.,The bus exited the tourist.,The appointment rescheduled the manicurist.,The guide reached the target.,The appointment rescheduled the manicurist.,The chart made the accountant.,The game won the poker player.,The bus exited the tourist.
