,Sentence,YTest,YPred
0,"0               The jet was maneuvered by the aviator.
1               The aviator was maneuvered by the jet.
2               The pullover was donned by the friend.
3               The friend was donned by the pullover.
4         The sugar was sprinkled by the confectioner.
5         The confectioner was sprinkled by the sugar.
6              The fedora was adorned by the milliner.
7              The milliner was adorned by the fedora.
8      The plagiarist was admonished by the librarian.
9      The librarian was admonished by the plagiarist.
10            The painting was inherited by the count.
11            The count was inherited by the painting.
12         The conqueror was imitated by the deceiver.
13         The deceiver was imitated by the conqueror.
14       The winner was congratulated by the panelist.
15       The panelist was congratulated by the winner.
16          The bureaucrat was bribed by the smuggler.
17          The smuggler was bribed by the bureaucrat.
18          The apprentice was trained by the artisan.
19          The artisan was trained by the apprentice.
20                The school was closed by the doctor.
21                The doctor was closed by the school.
22            The crop was cultivated by the villager.
23            The villager was cultivated by the crop.
24                   The rebel was exiled by the king.
25                   The king was exiled by the rebel.
26                   The boy was tutored by the nanny.
27                   The nanny was tutored by the boy.
28       The beverage was requested by the adventurer.
29       The adventurer was requested by the beverage.
30               The program was funded by the banker.
31               The banker was funded by the program.
32         The brochure was skimmed by the woodworker.
33         The woodworker was skimmed by the brochure.
34         The disease was contracted by the marauder.
35         The marauder was contracted by the disease.
36             The recluse was taunted by the windbag.
37             The windbag was taunted by the recluse.
38           The password was memorized by the hacker.
39           The hacker was memorized by the password.
40     The offender was handcuffed by the policewoman.
41     The policewoman was handcuffed by the offender.
42          The suitcase was pulled by the stewardess.
43          The stewardess was pulled by the suitcase.
44    The luggage was dragged by the flight-attendant.
45    The flight-attendant was dragged by the luggage.
46             The child was scolded by the principal.
47             The principal was scolded by the child.
48           The alcohol was provided by the overseer.
49           The overseer was provided by the alcohol.
Name: Sentence, dtype: object","[0.99242424 0.07246377 0.86363636 0.14393939 0.89583333 0.10784314
 0.73484848 0.31060606 0.825      0.5        0.72222222 0.12878788
 0.67424242 0.56060606 0.96212121 0.47727273 0.92753623 0.7173913
 0.92666667 0.24242424 0.46       0.03030303 0.98611111 0.06481481
 0.80952381 0.43939394 0.97727273 0.28030303 0.85606061 0.02777778
 0.9382716  0.54166667 0.68939394 0.         0.8125     0.13636364
 0.51449275 0.47333333 0.94927536 0.24637681 0.99305556 0.1969697
 0.94444444 0.18666667 0.97727273 0.14814815 0.9469697  0.33333333
 0.7826087  0.02173913]","[0.58570033 0.58570033 0.58570033 0.58570033 0.58570033 0.58570033
 0.58570033 0.58570033 0.58570033 0.58570033 0.58570033 0.58570033
 0.58570033 0.58570033 0.58570033 0.58570033 0.58570033 0.58570033
 0.58570033 0.58570033 0.58570033 0.58570033 0.58570033 0.58570033
 0.58570033 0.58570033 0.58570033 0.58570033 0.58570033 0.58570033
 0.58570033 0.58570033 0.58570033 0.58570033 0.58570033 0.58570033
 0.58570033 0.58570033 0.58570033 0.58570033 0.58570033 0.58570033
 0.58570033 0.58570033 0.58570033 0.58570033 0.58570033 0.58570033
 0.58570033 0.58570033]"
1,"0                The snorkeler was mauled by the shark.
1                The shark was mauled by the snorkeler.
2                The visitor was bothered by the drunk.
3                The drunk was bothered by the visitor.
4     The chiropractor was thanked by the tennis pla...
5     The tennis player was thanked by the chiroprac...
6       The bystander was interrogated by the attorney.
7       The attorney was interrogated by the bystander.
8           The memento was misplaced by the sightseer.
9           The sightseer was misplaced by the memento.
10           The pop star was stalked by the paparazzi.
11           The paparazzi was stalked by the pop star.
12    The sociopath was expelled by the assistant pr...
13    The assistant principal was expelled by the so...
14          The gold medalist was praised by the judge.
15          The judge was praised by the gold medalist.
16              The battery was recharged by the diver.
17              The diver was recharged by the battery.
18             The orphan was quieted by the caretaker.
19             The caretaker was quieted by the orphan.
20                The jam was loathed by the dietitian.
21                The dietitian was loathed by the jam.
22           The traitor was pardoned by the president.
23           The president was pardoned by the traitor.
24            The witness was questioned by the lawyer.
25            The lawyer was questioned by the witness.
26        The senior citizen was billed by the cashier.
27        The cashier was billed by the senior citizen.
28             The newborn was adopted by the roommate.
29             The roommate was adopted by the newborn.
30         The itinerary was confirmed by the comedian.
31         The comedian was confirmed by the itinerary.
32                    The rebel was exiled by the king.
33                    The king was exiled by the rebel.
34           The victory was guaranteed by the skipper.
35           The skipper was guaranteed by the victory.
36             The thinker was depicted by the painter.
37             The painter was depicted by the thinker.
38             The captive was saved by the negotiator.
39             The negotiator was saved by the captive.
40                      The heir was named by the lord.
41                      The lord was named by the heir.
42                  The ornament was hung by the uncle.
43                  The uncle was hung by the ornament.
44          The disease was contracted by the marauder.
45          The marauder was contracted by the disease.
46            The baguette was sliced by the Frenchman.
47            The Frenchman was sliced by the baguette.
48             The estate was inspected by the sheriff.
49             The sheriff was inspected by the estate.
Name: Sentence, dtype: object","[0.93939394 0.10606061 0.88888889 0.68181818 0.9469697  0.54347826
 0.85185185 0.55797101 0.84057971 0.08666667 0.96       0.33333333
 0.89130435 0.25925926 0.96212121 0.77083333 0.84166667 0.06060606
 0.94       0.42       0.83333333 0.12       0.81884058 0.06
 0.97727273 0.4469697  0.9        0.30555556 0.69753086 0.11805556
 0.80666667 0.44666667 0.80952381 0.43939394 0.76       0.21428571
 0.93650794 0.27777778 0.91666667 0.4469697  0.86       0.44666667
 0.89333333 0.04       0.8125     0.13636364 0.99305556 0.06060606
 0.92666667 0.20634921]","[0.59106827 0.5823636  0.56775236 0.5660794  0.5953181  0.5827801
 0.5771427  0.69195175 0.58860135 0.5479872  0.5608995  0.575686
 0.5472734  0.518064   0.513016   0.62491703 0.57548237 0.54272795
 0.5851679  0.53904486 0.68109226 0.61492157 0.59199214 0.61424446
 0.58297944 0.58761764 0.5589042  0.5667734  0.5951035  0.5858216
 0.55915785 0.63131523 0.5759485  0.5893645  0.61798143 0.5113394
 0.63473654 0.6431589  0.6580961  0.65524125 0.58455706 0.58390975
 0.5974934  0.59859633 0.6372559  0.52505016 0.54756665 0.6312461
 0.55465627 0.5685885 ]"
2,"0                 The cousin was shocked by the genius.
1                 The genius was shocked by the cousin.
2        The quack was discredited by the cardiologist.
3        The cardiologist was discredited by the quack.
4                   The anthem was sung by the marcher.
5                   The marcher was sung by the anthem.
6                  The victor was emulated by the liar.
7                  The liar was emulated by the victor.
8       The plagiarist was admonished by the librarian.
9       The librarian was admonished by the plagiarist.
10                The actress was cast by the producer.
11                The producer was cast by the actress.
12       The subject was recruited by the experimenter.
13       The experimenter was recruited by the subject.
14    The sociopath was expelled by the assistant pr...
15    The assistant principal was expelled by the so...
16                    The noble was obeyed by the page.
17                    The page was obeyed by the noble.
18    The lab assistant was overwhelmed by the neuro...
19    The neuroscientist was overwhelmed by the lab ...
20      The beneficiary was kidnapped by the miscreant.
21      The miscreant was kidnapped by the beneficiary.
22                The old man was shaved by the barber.
23                The barber was shaved by the old man.
24          The participant was dissuaded by the cynic.
25          The cynic was dissuaded by the participant.
26    The president's wife was terrified by the hija...
27    The hijacker was terrified by the president's ...
28                The envelope was sealed by the voter.
29                The voter was sealed by the envelope.
30              The flag was hoisted by the serviceman.
31              The serviceman was hoisted by the flag.
32            The clergyman was cherished by the nomad.
33            The nomad was cherished by the clergyman.
34            The alcohol was provided by the overseer.
35            The overseer was provided by the alcohol.
36            The diplomat was driven by the chauffeur.
37            The chauffeur was driven by the diplomat.
38                 The target was reached by the guide.
39                 The guide was reached by the target.
40            The bottle was uncorked by the winemaker.
41            The winemaker was uncorked by the bottle.
42                    The boy was tutored by the nanny.
43                    The nanny was tutored by the boy.
44             The economist was acquitted by the jury.
45             The jury was acquitted by the economist.
46    The chiropractor was thanked by the tennis pla...
47    The tennis player was thanked by the chiroprac...
48      The rabble-rouser was subdued by the policeman.
49      The policeman was subdued by the rabble-rouser.
Name: Sentence, dtype: object","[0.90151515 0.67391304 0.76984127 0.27272727 0.77272727 0.
 0.63888889 0.5        0.825      0.5        0.96969697 0.12318841
 0.89166667 0.26515152 0.89130435 0.25925926 0.57575758 0.44202899
 0.96376812 0.72916667 0.70833333 0.39506173 0.99074074 0.39166667
 0.74074074 0.74242424 0.84       0.40151515 0.9469697  0.01333333
 0.97727273 0.04166667 0.6984127  0.70138889 0.7826087  0.02173913
 0.94166667 0.30666667 0.96376812 0.20833333 0.98148148 0.03030303
 0.97727273 0.28030303 0.88405797 0.19333333 0.9469697  0.54347826
 0.92361111 0.44444444]","[0.6550864  0.66102874 0.64893866 0.6158697  0.63786674 0.4660978
 0.67282057 0.7312725  0.5525898  0.56367373 0.6988225  0.71247303
 0.6847168  0.49487427 0.58400893 0.57692194 0.6097373  0.6277526
 0.57219577 0.5623214  0.7224237  0.57474947 0.4406284  0.4261157
 0.59452724 0.4883227  0.62010074 0.60664    0.51990473 0.5073933
 0.64798474 0.50967014 0.52379537 0.5310736  0.70650345 0.5117644
 0.650774   0.47894445 0.5246533  0.4998717  0.6663259  0.55835676
 0.59695435 0.4936605  0.6032169  0.6018698  0.5266967  0.5150981
 0.5721841  0.697587  ]"
3,"0      The luggage was dragged by the flight-attendant.
1      The flight-attendant was dragged by the luggage.
2              The desk was organized by the secretary.
3              The secretary was organized by the desk.
4     The lab assistant was overwhelmed by the neuro...
5     The neuroscientist was overwhelmed by the lab ...
6              The car was crashed by the troublemaker.
7              The troublemaker was crashed by the car.
8            The bureaucrat was bribed by the smuggler.
9            The smuggler was bribed by the bureaucrat.
10               The prison was dreaded by the convict.
11               The convict was dreaded by the prison.
12          The funeral was prepared by the undertaker.
13          The undertaker was prepared by the funeral.
14                  The cushion was lifted by the maid.
15                  The maid was lifted by the cushion.
16             The newborn was adopted by the roommate.
17             The roommate was adopted by the newborn.
18            The suit was wrinkled by the interviewee.
19            The interviewee was wrinkled by the suit.
20                The poem was recited by the bookworm.
21                The bookworm was recited by the poem.
22                     The baby was coddled by the dad.
23                     The dad was coddled by the baby.
24         The elderly person was charged by the clerk.
25         The clerk was charged by the elderly person.
26              The pill was taken by the convalescent.
27              The convalescent was taken by the pill.
28                 The girl was spanked by the au pair.
29                 The au pair was spanked by the girl.
30               The successor was chosen by the baron.
31               The baron was chosen by the successor.
32           The trashcan was emptied by the fisherman.
33           The fisherman was emptied by the trashcan.
34              The vendor was alarmed by the arsonist.
35              The arsonist was alarmed by the vendor.
36            The loner was tormented by the loudmouth.
37            The loudmouth was tormented by the loner.
38               The infant was pampered by the father.
39               The father was pampered by the infant.
40                The book was completed by the writer.
41                The writer was completed by the book.
42            The orthodontist was helped by the nurse.
43            The nurse was helped by the orthodontist.
44      The rabble-rouser was subdued by the policeman.
45      The policeman was subdued by the rabble-rouser.
46             The picture was autographed by the star.
47             The star was autographed by the picture.
48                The rioter was restrained by the cop.
49                The cop was restrained by the rioter.
Name: Sentence, dtype: object","[0.97727273 0.14814815 0.96527778 0.0625     0.96376812 0.72916667
 0.82666667 0.25757576 0.92753623 0.7173913  0.75       0.32098765
 0.84027778 0.07575758 0.98484848 0.16666667 0.69753086 0.11805556
 0.76515152 0.22222222 0.86805556 0.06666667 0.97619048 0.15740741
 0.94927536 0.45138889 0.75757576 0.05797101 0.74666667 0.36805556
 0.88       0.71428571 0.86231884 0.02       0.81060606 0.68253968
 0.99074074 0.60833333 0.94927536 0.05072464 0.99305556 0.08823529
 0.82666667 0.8030303  0.92361111 0.44444444 0.88271605 0.20454545
 0.98148148 0.46825397]","[0.68417776 0.39667314 0.7095262  0.4213658  0.79206836 0.6490641
 0.68128073 0.25142193 0.80653673 0.67959803 0.5499036  0.4552402
 0.7725386  0.2547536  0.58758706 0.48533875 0.6604062  0.6091104
 0.58047825 0.39004403 0.560876   0.2942863  0.5207352  0.50455344
 0.5855856  0.51783943 0.50663865 0.31478935 0.45028746 0.4325105
 0.60380435 0.5478786  0.48042643 0.6239156  0.6424553  0.48167467
 0.5347873  0.73857206 0.48856997 0.49045146 0.6756559  0.31228054
 0.6098279  0.7835435  0.58235914 0.7166405  0.4551882  0.36929142
 0.5042854  0.70766217]"
4,"0             The loner was tormented by the loudmouth.
1             The loudmouth was tormented by the loner.
2                The wire was bent by the ditch digger.
3                The ditch digger was bent by the wire.
4               The coach was disobeyed by the cyclist.
5               The cyclist was disobeyed by the coach.
6              The story was abandoned by the reporter.
7              The reporter was abandoned by the story.
8              The car was crashed by the troublemaker.
9              The troublemaker was crashed by the car.
10              The guest was hassled by the alcoholic.
11              The alcoholic was hassled by the guest.
12     The light bulb was changed by the groundskeeper.
13     The groundskeeper was changed by the light bulb.
14         The expression was garbled by the anchorman.
15         The anchorman was garbled by the expression.
16       The unicyclist was sketched by the cartoonist.
17       The cartoonist was sketched by the unicyclist.
18            The clergyman was cherished by the nomad.
19            The nomad was cherished by the clergyman.
20         The word was mispronounced by the announcer.
21         The announcer was mispronounced by the word.
22       The enthusiast was disappointed by the singer.
23       The singer was disappointed by the enthusiast.
24         The industrialist was burgled by the robber.
25         The robber was burgled by the industrialist.
26      The legislator was menaced by the extortionist.
27      The extortionist was menaced by the legislator.
28             The estate was inspected by the sheriff.
29             The sheriff was inspected by the estate.
30                   The bus was exited by the tourist.
31                   The tourist was exited by the bus.
32         The philosopher was portrayed by the artist.
33         The artist was portrayed by the philosopher.
34         The elderly person was charged by the clerk.
35         The clerk was charged by the elderly person.
36    The president's wife was terrified by the hija...
37    The hijacker was terrified by the president's ...
38           The spirit was vanquished by the exorcist.
39           The exorcist was vanquished by the spirit.
40      The offender was handcuffed by the policewoman.
41      The policewoman was handcuffed by the offender.
42                   The sink was wiped by the servant.
43                   The servant was wiped by the sink.
44                The book was completed by the writer.
45                The writer was completed by the book.
46            The widower was treated by the urologist.
47            The urologist was treated by the widower.
48              The attacker was located by the sleuth.
49              The sleuth was located by the attacker.
Name: Sentence, dtype: object","[0.99074074 0.60833333 0.79365079 0.04666667 0.82407407 0.39166667
 0.93055556 0.11111111 0.82666667 0.25757576 0.86111111 0.75
 0.96666667 0.06818182 0.86363636 0.19444444 0.83333333 0.33333333
 0.6984127  0.70138889 0.96212121 0.0625     0.83333333 0.67283951
 0.875      0.22222222 0.85606061 0.59848485 0.92666667 0.20634921
 0.70454545 0.28703704 0.78985507 0.63636364 0.94927536 0.45138889
 0.84       0.40151515 0.5625     0.28666667 0.99305556 0.1969697
 0.92666667 0.04666667 0.99305556 0.08823529 0.86       0.29861111
 0.75757576 0.61363636]","[0.58404744 0.71936953 0.5997139  0.37872034 0.5563697  0.58850414
 0.5510141  0.40868074 0.62696546 0.37542844 0.63113797 0.6158732
 0.57995844 0.45372635 0.62602293 0.42490384 0.59805226 0.64746165
 0.6621231  0.7198447  0.619092   0.49287146 0.6655334  0.6778035
 0.497865   0.6103977  0.7002474  0.6566814  0.6130482  0.4697074
 0.56982195 0.49595752 0.6545976  0.6888821  0.54515266 0.54467493
 0.6905887  0.62908924 0.65400404 0.5015462  0.7301512  0.65506834
 0.58133346 0.44924712 0.60063016 0.45832905 0.68229556 0.683509
 0.6767933  0.57618135]"
5,"0           The password was memorized by the hacker.
1           The hacker was memorized by the password.
2            The concert was attended by the groupie.
3            The groupie was attended by the concert.
4              The pullover was donned by the friend.
5              The friend was donned by the pullover.
6             The turkey was basted by the boyfriend.
7             The boyfriend was basted by the turkey.
8         The stockpile was concealed by the packrat.
9         The packrat was concealed by the stockpile.
10             The door was unlocked by the deckhand.
11             The deckhand was unlocked by the door.
12        The project was sponsored by the financier.
13        The financier was sponsored by the project.
14             The jet was maneuvered by the aviator.
15             The aviator was maneuvered by the jet.
16           The graph was created by the bookkeeper.
17           The bookkeeper was created by the graph.
18          The orthodontist was helped by the nurse.
19          The nurse was helped by the orthodontist.
20          The crowd was hypnotized by the magician.
21          The magician was hypnotized by the crowd.
22           The cadet was supervised by the colonel.
23           The colonel was supervised by the cadet.
24          The politician was killed by the hit man.
25          The hit man was killed by the politician.
26           The ruffian was released by the bailiff.
27           The bailiff was released by the ruffian.
28    The umbrella was forgotten by the couch-potato.
29    The couch-potato was forgotten by the umbrella.
30             The prison was dreaded by the convict.
31             The convict was dreaded by the prison.
32          The filet was devoured by the meat-eater.
33          The meat-eater was devoured by the filet.
34               The victor was emulated by the liar.
35               The liar was emulated by the victor.
36      The winner was congratulated by the panelist.
37      The panelist was congratulated by the winner.
38            The pine tree was felled by the logger.
39            The logger was felled by the pine tree.
40                 The company was run by the tycoon.
41                 The tycoon was run by the company.
42             The filmmaker was pestered by the fan.
43             The fan was pestered by the filmmaker.
44              The rioter was restrained by the cop.
45              The cop was restrained by the rioter.
46             The prize was received by the cellist.
47             The cellist was received by the prize.
48       The ballerina was attired by the dressmaker.
49       The dressmaker was attired by the ballerina.
Name: Sentence, dtype: object","[0.94927536 0.24637681 0.9375     0.12121212 0.86363636 0.14393939
 0.86419753 0.06349206 0.82575758 0.68421053 0.94927536 0.04320988
 0.9047619  0.20454545 0.99242424 0.07246377 0.92424242 0.05797101
 0.82666667 0.8030303  0.92424242 0.24637681 0.9469697  0.3125
 0.89333333 0.52       0.8        0.31060606 0.6969697  0.02173913
 0.75       0.32098765 0.93333333 0.04666667 0.63888889 0.5
 0.96212121 0.47727273 0.88636364 0.16666667 0.87037037 0.12878788
 0.97222222 0.5        0.98148148 0.46825397 0.84090909 0.08695652
 0.92028986 0.27083333]","[0.79402936 0.23766375 0.8109243  0.23169756 0.7711592  0.48023462
 0.72357607 0.36979324 0.805402   0.34996903 0.67805487 0.31751668
 0.79649436 0.42427617 0.79116    0.45630622 0.922736   0.3993252
 0.69246066 0.8659152  0.8137023  0.32597017 0.7813903  0.65295166
 0.7114375  0.7451443  0.5795007  0.69701517 0.67832845 0.4484021
 0.6502099  0.264009   0.5047595  0.39718795 0.54361415 0.73288876
 0.99178135 0.5569423  0.678454   0.46985185 0.69798905 0.6305497
 0.41609478 0.6811459  0.38045108 0.5349989  1.0968868  0.21757352
 0.5117388  0.37542742]"
6,"0                The prize was received by the cellist.
1                The cellist was received by the prize.
2              The cadet was supervised by the colonel.
3              The colonel was supervised by the cadet.
4              The captive was saved by the negotiator.
5              The negotiator was saved by the captive.
6     The chiropractor was thanked by the tennis pla...
7     The tennis player was thanked by the chiroprac...
8         The winner was congratulated by the panelist.
9         The panelist was congratulated by the winner.
10      The bystander was interrogated by the attorney.
11      The attorney was interrogated by the bystander.
12               The money was wasted by the call girl.
13               The call girl was wasted by the money.
14                The laptop was bought by the teacher.
15                The teacher was bought by the laptop.
16            The virtuoso was irritated by the novice.
17            The novice was irritated by the virtuoso.
18       The shopkeeper was unnerved by the pyromaniac.
19       The pyromaniac was unnerved by the shopkeeper.
20                 The jail was feared by the criminal.
21                 The criminal was feared by the jail.
22            The distributor was tricked by the joker.
23            The joker was tricked by the distributor.
24              The bowler was decorated by the hatter.
25              The hatter was decorated by the bowler.
26         The address was given by the representative.
27         The representative was given by the address.
28                  The tap was fixed by the repairman.
29                  The repairman was fixed by the tap.
30             The desk was organized by the secretary.
31             The secretary was organized by the desk.
32             The economist was acquitted by the jury.
33             The jury was acquitted by the economist.
34        The beverage was requested by the adventurer.
35        The adventurer was requested by the beverage.
36           The corporation was governed by the mogul.
37           The mogul was governed by the corporation.
38                   The bus was exited by the tourist.
39                   The tourist was exited by the bus.
40         The complaint was filed by the exterminator.
41         The exterminator was filed by the complaint.
42             The grain was farmed by the townsperson.
43             The townsperson was farmed by the grain.
44            The table was tidied by the receptionist.
45            The receptionist was tidied by the table.
46           The kid was reprimanded by the headmaster.
47           The headmaster was reprimanded by the kid.
48            The director was badgered by the admirer.
49            The admirer was badgered by the director.
Name: Sentence, dtype: object","[0.84090909 0.08695652 0.9469697  0.3125     0.91666667 0.4469697
 0.9469697  0.54347826 0.96212121 0.47727273 0.85185185 0.55797101
 0.9057971  0.05769231 0.99275362 0.         0.87878788 0.84848485
 0.72666667 0.64393939 0.56060606 0.36666667 0.775      0.59848485
 0.40277778 0.43181818 0.93181818 0.08       0.91333333 0.04
 0.96527778 0.0625     0.88405797 0.19333333 0.85606061 0.02777778
 0.85606061 0.40833333 0.70454545 0.28703704 0.84666667 0.07333333
 0.85606061 0.0942029  0.94202899 0.09333333 0.90909091 0.25362319
 0.82638889 0.63194444]","[1.1477714  0.36846006 0.8627204  0.6742324  0.64028454 0.50735545
 0.6969334  0.62529826 1.0090941  0.55664456 0.81473786 0.75839597
 0.7702069  0.18077207 0.7525044  0.2560026  0.72653097 0.74263704
 0.63969195 0.8009983  0.71193945 0.41015595 0.75106734 0.7415361
 0.60216033 0.7729546  1.028573   0.4590764  0.89324474 0.2992583
 0.8084362  0.1675862  0.46897882 0.6877204  0.6502115  0.09722972
 0.812168   0.5523439  0.6529553  0.15137315 0.63700604 0.09208578
 0.6770267  0.11660796 0.8626327  0.06597757 1.0332656  0.762924
 0.8570132  0.86146915]"
7,"0       The bystander was interrogated by the attorney.
1       The attorney was interrogated by the bystander.
2     The Olympian was weighed by the personal trainer.
3     The personal trainer was weighed by the Olympian.
4             The politician was killed by the hit man.
5             The hit man was killed by the politician.
6                     The noble was obeyed by the page.
7                     The page was obeyed by the noble.
8          The industrialist was burgled by the robber.
9          The robber was burgled by the industrialist.
10                    The rebel was exiled by the king.
11                    The king was exiled by the rebel.
12            The widower was treated by the urologist.
13            The urologist was treated by the widower.
14     The light bulb was changed by the groundskeeper.
15     The groundskeeper was changed by the light bulb.
16              The coach was disobeyed by the cyclist.
17              The cyclist was disobeyed by the coach.
18           The suitcase was pulled by the stewardess.
19           The stewardess was pulled by the suitcase.
20               The busboy was tipped by the brunette.
21               The brunette was tipped by the busboy.
22       The senator was threatened by the blackmailer.
23       The blackmailer was threatened by the senator.
24                The deer was trapped by the huntsman.
25                The huntsman was trapped by the deer.
26            The virtuoso was irritated by the novice.
27            The novice was irritated by the virtuoso.
28               The door was unlocked by the deckhand.
29               The deckhand was unlocked by the door.
30                 The tenant was evicted by the owner.
31                 The owner was evicted by the tenant.
32           The audience was engrossed by the speaker.
33           The speaker was engrossed by the audience.
34            The cure was discovered by the scientist.
35            The scientist was discovered by the cure.
36          The participant was dissuaded by the cynic.
37          The cynic was dissuaded by the participant.
38          The stockpile was concealed by the packrat.
39          The packrat was concealed by the stockpile.
40                The actress was cast by the producer.
41                The producer was cast by the actress.
42              The battery was recharged by the diver.
43              The diver was recharged by the battery.
44                The dinner was prepared by the woman.
45                The woman was prepared by the dinner.
46           The traitor was pardoned by the president.
47           The president was pardoned by the traitor.
48           The apprentice was trained by the artisan.
49           The artisan was trained by the apprentice.
Name: Sentence, dtype: object","[0.85185185 0.55797101 0.96527778 0.38888889 0.89333333 0.52
 0.57575758 0.44202899 0.875      0.22222222 0.80952381 0.43939394
 0.86       0.29861111 0.96666667 0.06818182 0.82407407 0.39166667
 0.94444444 0.18666667 0.85606061 0.28666667 0.91358025 0.63888889
 0.95652174 0.21014493 0.87878788 0.84848485 0.94927536 0.04320988
 0.97222222 0.         0.89814815 0.5        1.         0.05833333
 0.74074074 0.74242424 0.82575758 0.68421053 0.96969697 0.12318841
 0.84166667 0.06060606 0.99333333 0.04545455 0.81884058 0.06
 0.92666667 0.24242424]","[0.8319016  0.7742961  0.7050665  0.7365714  0.593872   0.6567088
 0.33815926 0.8225724  0.60963947 0.75891525 0.67043644 0.6421178
 0.69009596 0.5633859  0.86371213 0.2713747  0.86600465 0.81779903
 0.5539327  0.13822383 0.42833906 0.5045398  0.75630313 0.8174413
 0.6787402  0.35520375 0.6393922  0.58426875 0.47871286 0.06066209
 0.75375587 0.5755499  0.6623325  0.643776   0.9618581  0.49763495
 0.8177311  0.71140534 0.73630804 0.3095339  0.69682235 0.55842346
 0.6868766  0.45093495 0.7212487  0.10041374 0.80240196 0.597403
 0.7728153  0.71171635]"
8,"0         The ambassador was transported by the driver.
1         The driver was transported by the ambassador.
2               The statesman was shot by the assassin.
3               The assassin was shot by the statesman.
4              The car was crashed by the troublemaker.
5              The troublemaker was crashed by the car.
6     The firefighter was rewarded by the police chief.
7     The police chief was rewarded by the firefighter.
8                 The rioter was restrained by the cop.
9                 The cop was restrained by the rioter.
10        The beverage was requested by the adventurer.
11        The adventurer was requested by the beverage.
12            The bottle was uncorked by the winemaker.
13            The winemaker was uncorked by the bottle.
14    The appointment was rescheduled by the manicur...
15    The manicurist was rescheduled by the appointm...
16             The picture was autographed by the star.
17             The star was autographed by the picture.
18           The medicine was swallowed by the patient.
19           The patient was swallowed by the medicine.
20               The infant was pampered by the father.
21               The father was pampered by the infant.
22              The fedora was adorned by the milliner.
23              The milliner was adorned by the fedora.
24    The tobacconist was cautioned by the environme...
25    The environmentalist was cautioned by the toba...
26           The trashcan was emptied by the fisherman.
27           The fisherman was emptied by the trashcan.
28            The table was tidied by the receptionist.
29            The receptionist was tidied by the table.
30            The filet was devoured by the meat-eater.
31            The meat-eater was devoured by the filet.
32      The umbrella was forgotten by the couch-potato.
33      The couch-potato was forgotten by the umbrella.
34         The address was given by the representative.
35         The representative was given by the address.
36                The maestro was irked by the amateur.
37                The amateur was irked by the maestro.
38             The story was abandoned by the reporter.
39             The reporter was abandoned by the story.
40            The alcohol was provided by the overseer.
41            The overseer was provided by the alcohol.
42       The first lady was petrified by the terrorist.
43       The terrorist was petrified by the first lady.
44         The sugar was sprinkled by the confectioner.
45         The confectioner was sprinkled by the sugar.
46            The distributor was tricked by the joker.
47            The joker was tricked by the distributor.
48             The crop was cultivated by the villager.
49             The villager was cultivated by the crop.
Name: Sentence, dtype: object","[0.95652174 0.3        0.93181818 0.63768116 0.82666667 0.25757576
 0.84090909 0.68181818 0.98148148 0.46825397 0.85606061 0.02777778
 0.98148148 0.03030303 0.95679012 0.14285714 0.88271605 0.20454545
 1.         0.03623188 0.94927536 0.05072464 0.73484848 0.31060606
 0.83333333 0.42361111 0.86231884 0.02       0.94202899 0.09333333
 0.93333333 0.04666667 0.6969697  0.02173913 0.93181818 0.08
 0.92424242 0.74166667 0.93055556 0.11111111 0.7826087  0.02173913
 0.88       0.46212121 0.89583333 0.10784314 0.775      0.59848485
 0.98611111 0.06481481]","[ 0.67580736  0.73266673  0.38710964  0.53971195  0.79754007  0.3244282
  0.6870208   0.5814502   0.64670134  0.63024664  0.5840063   0.07611036
  0.60202026 -0.14671993  0.7041147   0.23648787  0.73283756  0.14234245
  0.44870448  0.00124037  0.91437984  0.6487917   0.6138494   0.3974676
  0.5285518   0.43264675  0.87204313  0.33508945  0.8771635   0.0379684
  0.70964885  0.46469998  0.34665096  0.19056511  0.9029939   0.27652705
  0.58590364  0.79810774  0.7579472   0.06886208  0.89355874  0.23824644
  0.6732167   0.61451364  0.8292303   0.10907626  0.7005991   0.73951983
  1.0062921   0.3311702 ]"
9,"0              The contract was burnt by the charlatan.
1              The charlatan was burnt by the contract.
2              The cadet was supervised by the colonel.
3              The colonel was supervised by the cadet.
4               The bowler was decorated by the hatter.
5               The hatter was decorated by the bowler.
6     The lab assistant was overwhelmed by the neuro...
7     The neuroscientist was overwhelmed by the lab ...
8            The trashcan was emptied by the fisherman.
9            The fisherman was emptied by the trashcan.
10    The newsagent was promoted by the TV station h...
11    The TV station head was promoted by the newsag...
12        The senior citizen was billed by the cashier.
13        The cashier was billed by the senior citizen.
14    The firefighter was rewarded by the police chief.
15    The police chief was rewarded by the firefighter.
16              The shirt was ironed by the seamstress.
17              The seamstress was ironed by the shirt.
18          The conqueror was imitated by the deceiver.
19          The deceiver was imitated by the conqueror.
20            The diplomat was driven by the chauffeur.
21            The chauffeur was driven by the diplomat.
22                  The ornament was hung by the uncle.
23                  The uncle was hung by the ornament.
24             The dentist was assisted by the orderly.
25             The orderly was assisted by the dentist.
26                The pipe was smoked by the crackhead.
27                The crackhead was smoked by the pipe.
28              The intern was berated by the mechanic.
29              The mechanic was berated by the intern.
30         The conservative was attacked by the critic.
31         The critic was attacked by the conservative.
32           The kid was reprimanded by the headmaster.
33           The headmaster was reprimanded by the kid.
34             The estate was inspected by the sheriff.
35             The sheriff was inspected by the estate.
36         The fund was established by the supremacist.
37         The supremacist was established by the fund.
38           The corporation was governed by the mogul.
39           The mogul was governed by the corporation.
40               The souvenir was lost by the traveler.
41               The traveler was lost by the souvenir.
42              The turkey was basted by the boyfriend.
43              The boyfriend was basted by the turkey.
44             The graph was created by the bookkeeper.
45             The bookkeeper was created by the graph.
46             The picture was autographed by the star.
47             The star was autographed by the picture.
48                The maestro was irked by the amateur.
49                The amateur was irked by the maestro.
Name: Sentence, dtype: object","[0.82608696 0.3115942  0.9469697  0.3125     0.40277778 0.43181818
 0.96376812 0.72916667 0.86231884 0.02       0.95238095 0.4375
 0.9        0.30555556 0.84090909 0.68181818 0.925      0.04
 0.67424242 0.56060606 0.94166667 0.30666667 0.89333333 0.04
 0.65972222 0.53703704 0.93055556 0.02083333 0.79545455 0.63194444
 0.93209877 0.84027778 0.90909091 0.25362319 0.92666667 0.20634921
 0.90909091 0.30434783 0.85606061 0.40833333 0.84848485 0.04666667
 0.86419753 0.06349206 0.92424242 0.05797101 0.88271605 0.20454545
 0.92424242 0.74166667]","[ 0.7545548   0.18065435  0.7188578   0.65778476  0.5833215   0.7482057
  1.0148482   0.94137996  0.89127976  0.32978117  0.64364165  0.5568126
  0.6207598   0.70962363  0.6728557   0.55721265  0.8273068   0.12523073
  0.60171515  0.661248    0.65962917  0.7547036   0.72626406 -0.13847488
  0.5304113   0.63817793  0.6593419   0.31069875  0.7497147   0.763511
  0.82067555  0.78135186  0.72508365  0.25827557  0.84316355  0.314633
  0.579254    0.30885404  0.59738225  0.40960044  0.9988943   0.39901197
  0.6363197   0.3133034   1.0934484   0.41014916  0.6194524   0.08361644
  0.5853321   0.81560093]"
10,"0           The project was sponsored by the financier.
1           The financier was sponsored by the project.
2            The assignment was blown by the operative.
3            The operative was blown by the assignment.
4                  The inmate was caught by the warden.
5                  The warden was caught by the inmate.
6               The battery was recharged by the diver.
7               The diver was recharged by the battery.
8                The tour-guide was chased by the lion.
9                The lion was chased by the tour-guide.
10           The corporation was governed by the mogul.
11           The mogul was governed by the corporation.
12               The money was wasted by the call girl.
13               The call girl was wasted by the money.
14                  The order was placed by the tanner.
15                  The tanner was placed by the order.
16                The novel was finished by the author.
17                The author was finished by the novel.
18            The witness was questioned by the lawyer.
19            The lawyer was questioned by the witness.
20         The cigar-maker was warned by the ecologist.
21         The ecologist was warned by the cigar-maker.
22               The damsel was courted by the playboy.
23               The playboy was courted by the damsel.
24           The spirit was vanquished by the exorcist.
25           The exorcist was vanquished by the spirit.
26              The youth was revived by the paramedic.
27              The paramedic was revived by the youth.
28    The tobacconist was cautioned by the environme...
29    The environmentalist was cautioned by the toba...
30        The ambassador was transported by the driver.
31        The driver was transported by the ambassador.
32            The loner was tormented by the loudmouth.
33            The loudmouth was tormented by the loner.
34    The firefighter was rewarded by the police chief.
35    The police chief was rewarded by the firefighter.
36         The investigator was fooled by the imitator.
37         The imitator was fooled by the investigator.
38               The pullover was donned by the friend.
39               The friend was donned by the pullover.
40              The intern was berated by the mechanic.
41              The mechanic was berated by the intern.
42        The computer was purchased by the instructor.
43        The instructor was purchased by the computer.
44                 The girl was spanked by the au pair.
45                 The au pair was spanked by the girl.
46         The industrialist was burgled by the robber.
47         The robber was burgled by the industrialist.
48                  The tap was fixed by the repairman.
49                  The repairman was fixed by the tap.
Name: Sentence, dtype: object","[0.9047619  0.20454545 0.8125     0.28030303 0.96666667 0.32575758
 0.84166667 0.06060606 0.81333333 0.36363636 0.85606061 0.40833333
 0.9057971  0.05769231 0.82575758 0.125      0.9469697  0.02272727
 0.97727273 0.4469697  0.75925926 0.61904762 0.86805556 0.82575758
 0.5625     0.28666667 0.96376812 0.36231884 0.83333333 0.42361111
 0.95652174 0.3        0.99074074 0.60833333 0.84090909 0.68181818
 0.89130435 0.70987654 0.86363636 0.14393939 0.79545455 0.63194444
 0.94927536 0.         0.74666667 0.36805556 0.875      0.22222222
 0.91333333 0.04      ]","[0.8973593  0.3995235  0.66469926 0.17687023 0.7509656  0.5336799
 0.68467194 0.4541781  0.5633117  0.6991809  0.5377229  0.34864372
 0.73514104 0.09053016 0.6166816  0.1775477  0.80049366 0.0387314
 0.9622411  0.7681981  0.810808   0.7773166  1.0487965  0.84513086
 0.61972666 0.1767838  0.8044039  0.49711043 0.704907   0.5993336
 0.5842615  0.6715537  0.42166698 0.5656664  0.7543951  0.5962437
 0.704696   0.7497813  0.9176493  0.3790896  0.92615324 0.92952687
 1.0503432  0.3013258  0.942941   0.8265332  0.61586416 0.8069951
 0.91709435 0.28807688]"
11,"0               The fedora was adorned by the milliner.
1               The milliner was adorned by the fedora.
2                 The giraffe was fed by the zookeeper.
3                 The zookeeper was fed by the giraffe.
4            The youngster was resuscitated by the EMT.
5            The EMT was resuscitated by the youngster.
6                The filmmaker was pestered by the fan.
7                The fan was pestered by the filmmaker.
8                The damsel was courted by the playboy.
9                The playboy was courted by the damsel.
10              The intern was berated by the mechanic.
11              The mechanic was berated by the intern.
12            The bottle was uncorked by the winemaker.
13            The winemaker was uncorked by the bottle.
14         The ballerina was attired by the dressmaker.
15         The dressmaker was attired by the ballerina.
16           The suitcase was pulled by the stewardess.
17           The stewardess was pulled by the suitcase.
18          The conqueror was imitated by the deceiver.
19          The deceiver was imitated by the conqueror.
20            The table was tidied by the receptionist.
21            The receptionist was tidied by the table.
22          The wash basin was cleaned by the domestic.
23          The domestic was cleaned by the wash basin.
24                   The company was run by the tycoon.
25                   The tycoon was run by the company.
26               The dancer was costumed by the tailor.
27               The tailor was costumed by the dancer.
28              The attacker was located by the sleuth.
29              The sleuth was located by the attacker.
30              The hedonist was reproached by the nun.
31              The nun was reproached by the hedonist.
32                The game was won by the poker player.
33                The poker player was won by the game.
34            The orthodontist was helped by the nurse.
35            The nurse was helped by the orthodontist.
36    The chiropractor was thanked by the tennis pla...
37    The tennis player was thanked by the chiroprac...
38                The pipe was smoked by the crackhead.
39                The crackhead was smoked by the pipe.
40            The cure was discovered by the scientist.
41            The scientist was discovered by the cure.
42             The concert was attended by the groupie.
43             The groupie was attended by the concert.
44           The plant was watered by the house sitter.
45           The house sitter was watered by the plant.
46                    The boy was tutored by the nanny.
47                    The nanny was tutored by the boy.
48                 The paper was edited by the advisor.
49                 The advisor was edited by the paper.
Name: Sentence, dtype: object","[0.73484848 0.31060606 0.96212121 0.06666667 0.93478261 0.46296296
 0.97222222 0.5        0.86805556 0.82575758 0.79545455 0.63194444
 0.98148148 0.03030303 0.92028986 0.27083333 0.94444444 0.18666667
 0.67424242 0.56060606 0.94202899 0.09333333 0.67333333 0.13636364
 0.87037037 0.12878788 0.74666667 0.21969697 0.75757576 0.61363636
 0.84027778 0.70454545 0.97530864 0.09722222 0.82666667 0.8030303
 0.9469697  0.54347826 0.93055556 0.02083333 1.         0.05833333
 0.9375     0.12121212 0.96       0.04166667 0.97727273 0.28030303
 0.84027778 0.17361111]","[0.7155657  0.30432576 0.7899484  0.47836626 0.8780668  0.6601509
 0.45899236 0.6485111  0.8878217  0.7127646  0.8856777  0.8969851
 0.86225086 0.08646619 0.5720241  0.5392597  0.78588355 0.42647964
 0.578969   0.6415162  0.738065   0.04158407 0.5372251  0.22933382
 0.92231345 0.6444909  0.47731292 0.34938097 0.6878178  0.6410744
 0.6054182  0.67724395 0.80670035 0.20023555 0.5582063  0.6558646
 0.59773135 0.6250204  0.5761614  0.26503158 1.0929747  0.29219544
 1.0885217  0.21405941 0.5948027  0.0086115  0.78363687 0.60065615
 0.74953187 0.38841844]"
12,"0                 The octopus was grilled by the cook.
1                 The cook was grilled by the octopus.
2           The corporation was governed by the mogul.
3           The mogul was governed by the corporation.
4               The message was erased by the bellboy.
5               The bellboy was erased by the message.
6              The key was borrowed by the schoolgirl.
7              The schoolgirl was borrowed by the key.
8        The ambassador was transported by the driver.
9        The driver was transported by the ambassador.
10            The desk was organized by the secretary.
11            The secretary was organized by the desk.
12         The property was examined by the constable.
13         The constable was examined by the property.
14          The medicine was swallowed by the patient.
15          The patient was swallowed by the medicine.
16    The contestant was discouraged by the pessimist.
17    The pessimist was discouraged by the contestant.
18        The conservative was attacked by the critic.
19        The critic was attacked by the conservative.
20           The manufacturer was robbed by the thief.
21           The thief was robbed by the manufacturer.
22               The bully was dodged by the freshman.
23               The freshman was dodged by the bully.
24               The maestro was irked by the amateur.
25               The amateur was irked by the maestro.
26     The offender was handcuffed by the policewoman.
27     The policewoman was handcuffed by the offender.
28             The pill was taken by the convalescent.
29             The convalescent was taken by the pill.
30           The distributor was tricked by the joker.
31           The joker was tricked by the distributor.
32              The damsel was courted by the playboy.
33              The playboy was courted by the damsel.
34        The elderly person was charged by the clerk.
35        The clerk was charged by the elderly person.
36          The apprentice was trained by the artisan.
37          The artisan was trained by the apprentice.
38                The victor was emulated by the liar.
39                The liar was emulated by the victor.
40          The kid was reprimanded by the headmaster.
41          The headmaster was reprimanded by the kid.
42            The faucet was repaired by the handyman.
43            The handyman was repaired by the faucet.
44        The speech was delivered by the congressman.
45        The congressman was delivered by the speech.
46           The filet was devoured by the meat-eater.
47           The meat-eater was devoured by the filet.
48          The plant was watered by the house sitter.
49          The house sitter was watered by the plant.
Name: Sentence, dtype: object","[0.96527778 0.00666667 0.85606061 0.40833333 0.83333333 0.02469136
 0.92592593 0.025      0.95652174 0.3        0.96527778 0.0625
 0.88333333 0.12       1.         0.03623188 0.93939394 0.66666667
 0.93209877 0.84027778 0.91333333 0.33333333 0.85507246 0.46969697
 0.92424242 0.74166667 0.99305556 0.1969697  0.75757576 0.05797101
 0.775      0.59848485 0.86805556 0.82575758 0.94927536 0.45138889
 0.92666667 0.24242424 0.63888889 0.5        0.90909091 0.25362319
 0.97222222 0.03472222 1.         0.         0.93333333 0.04666667
 0.96       0.04166667]","[0.8183848  0.31014168 0.6672159  0.43686837 0.7417977  0.27930194
 0.7929301  0.06463027 0.461424   0.64895105 0.71499753 0.10312068
 0.93336254 0.2074951  0.6733426  0.26625574 0.945384   0.78107774
 0.72475356 0.7643491  0.5384184  0.47056752 0.5368118  0.52116954
 0.5367806  0.75878584 0.7796786  0.531449   0.6733016  0.34596026
 0.6697595  0.6882513  0.77074826 0.6069289  0.6600322  0.5724856
 0.81682754 0.9258109  0.5611961  0.5137665  0.90514004 0.39676392
 0.9252634  0.21957976 0.88739884 0.17347896 0.7924895  0.44905937
 0.8060052  0.15793592]"
13,"0            The letter was sent by the cryptographer.
1            The cryptographer was sent by the letter.
2        The inspector was conned by the impersonator.
3        The impersonator was conned by the inspector.
4                The actress was cast by the producer.
5                The producer was cast by the actress.
6             The thinker was depicted by the painter.
7             The painter was depicted by the thinker.
8              The shirt was ironed by the seamstress.
9              The seamstress was ironed by the shirt.
10        The ballerina was attired by the dressmaker.
11        The dressmaker was attired by the ballerina.
12                  The sink was wiped by the servant.
13                  The servant was wiped by the sink.
14                 The ornament was hung by the uncle.
15                 The uncle was hung by the ornament.
16             The remedy was found by the researcher.
17             The researcher was found by the remedy.
18           The widower was treated by the urologist.
19           The urologist was treated by the widower.
20               The game was won by the poker player.
21               The poker player was won by the game.
22         The trip was canceled by the archaeologist.
23         The archaeologist was canceled by the trip.
24             The statesman was shot by the assassin.
25             The assassin was shot by the statesman.
26            The lad was instructed by the governess.
27            The governess was instructed by the lad.
28     The beginner was supported by the professional.
29     The professional was supported by the beginner.
30               The ogre was mesmerized by the pixie.
31               The pixie was mesmerized by the ogre.
32    The seaman was undercharged by the streetwalker.
33    The streetwalker was undercharged by the seaman.
34                The girl was spanked by the au pair.
35                The au pair was spanked by the girl.
36     The offender was handcuffed by the policewoman.
37     The policewoman was handcuffed by the offender.
38                  The supper was cooked by the lady.
39                  The lady was cooked by the supper.
40          The assignment was blown by the operative.
41          The operative was blown by the assignment.
42              The prize was received by the cellist.
43              The cellist was received by the prize.
44             The youth was revived by the paramedic.
45             The paramedic was revived by the youth.
46             The shuttle was left by the vacationer.
47             The vacationer was left by the shuttle.
48            The estate was inspected by the sheriff.
49            The sheriff was inspected by the estate.
Name: Sentence, dtype: object","[0.85333333 0.10606061 0.92361111 0.59333333 0.96969697 0.12318841
 0.93650794 0.27777778 0.925      0.04       0.92028986 0.27083333
 0.92666667 0.04666667 0.89333333 0.04       0.96527778 0.07575758
 0.86       0.29861111 0.97530864 0.09722222 0.91304348 0.01388889
 0.93181818 0.63768116 0.90833333 0.34       0.90151515 0.61805556
 0.40740741 0.26515152 0.49275362 0.43478261 0.74666667 0.36805556
 0.99305556 0.1969697  0.98765432 0.14285714 0.8125     0.28030303
 0.84090909 0.08695652 0.96376812 0.36231884 0.62037037 0.85606061
 0.92666667 0.20634921]","[ 0.8247303   0.12729502  0.6516716   0.691941    0.76528823  0.5151873
  0.7710382   0.4929967   0.83165455 -0.06489161  0.5846423   0.47542965
  0.6357341   0.06165576  0.6736589  -0.00978947  0.86287916  0.14210564
  0.66274655  0.34851807  0.8143191   0.24138814  0.88669556  0.3664521
  0.6245972   0.61177576  0.87971175  0.6072274   0.6320461   0.48209956
  0.53749216  0.53188723  0.46736076  0.50530636  0.6742904   0.6050451
  0.7377068   0.5050851   0.91707647  0.07914421  0.60192114  0.23709899
  1.0678468   0.10560143  0.7769985   0.5536078   0.6523971   0.5248623
  0.9593446   0.26176882]"
14,"0              The captive was saved by the negotiator.
1              The negotiator was saved by the captive.
2               The fedora was adorned by the milliner.
3               The milliner was adorned by the fedora.
4         The inspector was conned by the impersonator.
5         The impersonator was conned by the inspector.
6                  The target was reached by the guide.
7                  The guide was reached by the target.
8                 The rioter was restrained by the cop.
9                 The cop was restrained by the rioter.
10             The rookie was encouraged by the master.
11             The master was encouraged by the rookie.
12    The firefighter was rewarded by the police chief.
13    The police chief was rewarded by the firefighter.
14    The president's wife was terrified by the hija...
15    The hijacker was terrified by the president's ...
16    The chiropractor was thanked by the tennis pla...
17    The tennis player was thanked by the chiroprac...
18            The distributor was tricked by the joker.
19            The joker was tricked by the distributor.
20             The marketer was duped by the prankster.
21             The prankster was duped by the marketer.
22               The successor was chosen by the baron.
23               The baron was chosen by the successor.
24                The deer was trapped by the huntsman.
25                The huntsman was trapped by the deer.
26         The cigar-maker was warned by the ecologist.
27         The ecologist was warned by the cigar-maker.
28      The marmalade was detested by the nutritionist.
29      The nutritionist was detested by the marmalade.
30                The pipe was smoked by the crackhead.
31                The crackhead was smoked by the pipe.
32            The cure was discovered by the scientist.
33            The scientist was discovered by the cure.
34              The pine tree was felled by the logger.
35              The logger was felled by the pine tree.
36                The ogre was mesmerized by the pixie.
37                The pixie was mesmerized by the ogre.
38                The steak was eaten by the carnivore.
39                The carnivore was eaten by the steak.
40                       The soda was drunk by the man.
41                       The man was drunk by the soda.
42                  The necklace was stolen by the bum.
43                  The bum was stolen by the necklace.
44       The quack was discredited by the cardiologist.
45       The cardiologist was discredited by the quack.
46               The package was shipped by the forger.
47               The forger was shipped by the package.
48               The busboy was tipped by the brunette.
49               The brunette was tipped by the busboy.
Name: Sentence, dtype: object","[0.91666667 0.4469697  0.73484848 0.31060606 0.92361111 0.59333333
 0.96376812 0.20833333 0.98148148 0.46825397 0.97727273 0.625
 0.84090909 0.68181818 0.84       0.40151515 0.9469697  0.54347826
 0.775      0.59848485 0.92753623 0.70666667 0.88       0.71428571
 0.95652174 0.21014493 0.75925926 0.61904762 0.76086957 0.10666667
 0.93055556 0.02083333 1.         0.05833333 0.88636364 0.16666667
 0.40740741 0.26515152 0.92753623 0.02083333 0.91666667 0.02
 0.85333333 0.         0.76984127 0.27272727 0.84848485 0.06060606
 0.85606061 0.28666667]","[0.71239644 0.49848062 0.6902377  0.3586244  0.73176444 0.7276795
 0.5647746  0.09539622 0.7043154  0.63811165 0.67669386 0.52955383
 0.6066099  0.36543316 0.6737338  0.5539933  0.65621156 0.62907845
 0.6995787  0.73524195 0.84744006 0.9495198  0.7608928  0.48056763
 0.7501701  0.40623504 0.70265645 0.710043   0.7102112  0.37203366
 0.61746454 0.21975404 1.1393425  0.32474118 0.74153525 0.25941628
 0.5345536  0.57839686 0.63660794 0.18193775 0.6886539  0.30745322
 0.6964858  0.00866431 0.9373781  0.65632445 0.7497154  0.15276378
 0.51142436 0.68064564]"
15,"0                The visitor was bothered by the drunk.
1                The drunk was bothered by the visitor.
2                  The gun was loaded by the minuteman.
3                  The minuteman was loaded by the gun.
4               The coach was disobeyed by the cyclist.
5               The cyclist was disobeyed by the coach.
6                    The squid was sauteed by the chef.
7                    The chef was sauteed by the squid.
8                   The tap was fixed by the repairman.
9                   The repairman was fixed by the tap.
10      The bystander was interrogated by the attorney.
11      The attorney was interrogated by the bystander.
12                    The worker was fired by the boss.
13                    The boss was fired by the worker.
14                 The octopus was grilled by the cook.
15                 The cook was grilled by the octopus.
16             The economist was acquitted by the jury.
17             The jury was acquitted by the economist.
18         The profit was calculated by the bookseller.
19         The bookseller was calculated by the profit.
20    The lab assistant was overwhelmed by the neuro...
21    The neuroscientist was overwhelmed by the lab ...
22              The intern was berated by the mechanic.
23              The mechanic was berated by the intern.
24               The airplane was steered by the pilot.
25               The pilot was steered by the airplane.
26        The winner was congratulated by the panelist.
27        The panelist was congratulated by the winner.
28           The kid was reprimanded by the headmaster.
29           The headmaster was reprimanded by the kid.
30           The offer was accepted by the sociologist.
31           The sociologist was accepted by the offer.
32                The illness was caught by the raider.
33                The raider was caught by the illness.
34            The cure was discovered by the scientist.
35            The scientist was discovered by the cure.
36                The banner was raised by the soldier.
37                The soldier was raised by the banner.
38             The ruffian was released by the bailiff.
39             The bailiff was released by the ruffian.
40              The aide was rebuked by the technician.
41              The technician was rebuked by the aide.
42    The firefighter was rewarded by the police chief.
43    The police chief was rewarded by the firefighter.
44                 The victor was emulated by the liar.
45                 The liar was emulated by the victor.
46              The pill was taken by the convalescent.
47              The convalescent was taken by the pill.
48             The trainee was taught by the craftsman.
49             The craftsman was taught by the trainee.
Name: Sentence, dtype: object","[0.88888889 0.68181818 0.84666667 0.03787879 0.82407407 0.39166667
 0.87681159 0.07692308 0.91333333 0.04       0.85185185 0.55797101
 0.94444444 0.18939394 0.96527778 0.00666667 0.88405797 0.19333333
 0.93518519 0.09166667 0.96376812 0.72916667 0.79545455 0.63194444
 0.99242424 0.14492754 0.96212121 0.47727273 0.90909091 0.25362319
 0.91666667 0.1875     0.72222222 0.25694444 1.         0.05833333
 0.96666667 0.09090909 0.8        0.31060606 0.82608696 0.7037037
 0.84090909 0.68181818 0.63888889 0.5        0.75757576 0.05797101
 1.         0.34259259]","[0.52415967 0.5463929  0.5648328  0.2532053  0.53836644 0.7972734
 0.9405471  0.2811706  1.0016086  0.12874866 0.6775534  0.57886565
 0.6933267  0.56754076 0.8782774  0.27927613 0.5419302  0.6613649
 0.77043295 0.30142868 0.56188715 0.66761255 0.7271011  0.7130883
 0.7418814  0.374663   0.7848202  0.49759817 0.9185076  0.48168468
 0.8227731  0.32452834 0.50280654 0.23351133 1.0957501  0.13813972
 0.7524673  0.13957834 0.82700706 0.5905727  0.6640545  0.6993898
 0.6161585  0.3975215  0.4446442  0.48257518 0.7861557  0.2707349
 0.50327563 0.39979756]"
16,"0                The message was erased by the bellboy.
1                The bellboy was erased by the message.
2             The virtuoso was irritated by the novice.
3             The novice was irritated by the virtuoso.
4      The light bulb was changed by the groundskeeper.
5      The groundskeeper was changed by the light bulb.
6                   The anthem was sung by the marcher.
7                   The marcher was sung by the anthem.
8                        The soda was drunk by the man.
9                        The man was drunk by the soda.
10         The speech was delivered by the congressman.
11         The congressman was delivered by the speech.
12    The passport was photocopied by the travel-agent.
13    The travel-agent was photocopied by the passport.
14          The linebacker was relaxed by the masseuse.
15          The masseuse was relaxed by the linebacker.
16         The sugar was sprinkled by the confectioner.
17         The confectioner was sprinkled by the sugar.
18      The offender was handcuffed by the policewoman.
19      The policewoman was handcuffed by the offender.
20               The wire was bent by the ditch digger.
21               The ditch digger was bent by the wire.
22                 The paper was edited by the advisor.
23                 The advisor was edited by the paper.
24           The apprentice was trained by the artisan.
25           The artisan was trained by the apprentice.
26     The tribesman was studied by the anthropologist.
27     The anthropologist was studied by the tribesman.
28               The jet was maneuvered by the aviator.
29               The aviator was maneuvered by the jet.
30        The apartment was redecorated by the copycat.
31        The copycat was redecorated by the apartment.
32              The attacker was located by the sleuth.
33              The sleuth was located by the attacker.
34                 The target was reached by the guide.
35                 The guide was reached by the target.
36         The word was mispronounced by the announcer.
37         The announcer was mispronounced by the word.
38           The traitor was pardoned by the president.
39           The president was pardoned by the traitor.
40                The chart was made by the accountant.
41                The accountant was made by the chart.
42                The illness was caught by the raider.
43                The raider was caught by the illness.
44                 The jail was feared by the criminal.
45                 The criminal was feared by the jail.
46                The actress was cast by the producer.
47                The producer was cast by the actress.
48             The ruffian was released by the bailiff.
49             The bailiff was released by the ruffian.
Name: Sentence, dtype: object","[0.83333333 0.02469136 0.87878788 0.84848485 0.96666667 0.06818182
 0.77272727 0.         0.91666667 0.02       1.         0.
 0.96       0.         0.84090909 0.34057971 0.89583333 0.10784314
 0.99305556 0.1969697  0.79365079 0.04666667 0.84027778 0.17361111
 0.92666667 0.24242424 0.82       0.53030303 0.99242424 0.07246377
 0.63636364 0.11363636 0.75757576 0.61363636 0.96376812 0.20833333
 0.96212121 0.0625     0.81884058 0.06       0.97333333 0.04545455
 0.72222222 0.25694444 0.56060606 0.36666667 0.96969697 0.12318841
 0.8        0.31060606]","[ 0.8256069   0.2975343   0.7852126   0.8070801   0.89369947  0.29137713
  0.9388817   0.11087924  0.7446552   0.33807427  0.873236   -0.04335684
  0.84254724  0.11792547  0.65641505  0.26787955  0.8468397   0.14700586
  0.7077103   0.45361167  0.66201097  0.45761377  0.7093087   0.3207057
  0.78581387  0.74447125  0.7370594   0.4958151   0.8076194   0.45837957
  0.66989905  0.16623884  0.9109743   0.6427713   0.61508423  0.05929357
  0.95957726  0.3296476   0.8414623   0.5202227   0.8747353  -0.14124328
  0.47882563  0.3150826   0.62009746  0.44826895  0.71909815  0.24101263
  0.7754378   0.5954171 ]"
17,"0     The lab assistant was overwhelmed by the neuro...
1     The neuroscientist was overwhelmed by the lab ...
2         The gunsmith was terrorized by the warmonger.
3         The warmonger was terrorized by the gunsmith.
4                The tour-guide was chased by the lion.
5                The lion was chased by the tour-guide.
6                    The squid was sauteed by the chef.
7                    The chef was sauteed by the squid.
8          The sugar was sprinkled by the confectioner.
9          The confectioner was sprinkled by the sugar.
10             The faucet was repaired by the handyman.
11             The handyman was repaired by the faucet.
12                The rioter was restrained by the cop.
13                The cop was restrained by the rioter.
14            The diplomat was driven by the chauffeur.
15            The chauffeur was driven by the diplomat.
16                 The tenant was evicted by the owner.
17                 The owner was evicted by the tenant.
18              The statesman was shot by the assassin.
19              The assassin was shot by the statesman.
20      The beginner was supported by the professional.
21      The professional was supported by the beginner.
22          The expert was employed by the businessman.
23          The businessman was employed by the expert.
24             The form was initialed by the guarantor.
25             The guarantor was initialed by the form.
26                 The paper was edited by the advisor.
27                 The advisor was edited by the paper.
28                The novel was finished by the author.
29                The author was finished by the novel.
30                    The rebel was exiled by the king.
31                    The king was exiled by the rebel.
32                 The mission was failed by the agent.
33                 The agent was failed by the mission.
34         The cigar-maker was warned by the ecologist.
35         The ecologist was warned by the cigar-maker.
36     The contestant was discouraged by the pessimist.
37     The pessimist was discouraged by the contestant.
38      The plagiarist was admonished by the librarian.
39      The librarian was admonished by the plagiarist.
40           The schedule was verified by the humorist.
41           The humorist was verified by the schedule.
42                The program was funded by the banker.
43                The banker was funded by the program.
44         The expression was garbled by the anchorman.
45         The anchorman was garbled by the expression.
46     The right-winger was criticized by the reviewer.
47     The reviewer was criticized by the right-winger.
48               The wire was bent by the ditch digger.
49               The ditch digger was bent by the wire.
Name: Sentence, dtype: object","[0.96376812 0.72916667 0.62878788 0.61666667 0.81333333 0.36363636
 0.87681159 0.07692308 0.89583333 0.10784314 0.97222222 0.03472222
 0.98148148 0.46825397 0.94166667 0.30666667 0.97222222 0.
 0.93181818 0.63768116 0.90151515 0.61805556 0.98550725 0.6875
 0.91666667 0.17424242 0.84027778 0.17361111 0.9469697  0.02272727
 0.80952381 0.43939394 0.89166667 0.1969697  0.75925926 0.61904762
 0.93939394 0.66666667 0.825      0.5        0.66       0.03030303
 0.9382716  0.54166667 0.86363636 0.19444444 0.92424242 0.94927536
 0.79365079 0.04666667]","[0.5731585  0.65949714 0.81405866 0.57245564 0.6091701  0.6042409
 0.7837522  0.10228071 0.806658   0.08092327 0.9264008  0.16102216
 0.69229007 0.57272965 0.6794586  0.65072906 0.77499425 0.5748199
 0.76548755 0.77017343 0.64375746 0.43829063 0.8237634  0.52413404
 0.6395112  0.36095405 0.7028638  0.36781326 0.90302587 0.13439575
 0.8744092  0.6149571  0.7132958  0.2895516  0.7611617  0.70837474
 0.7569653  0.54341435 1.0070363  0.69867635 0.9917836  0.56378794
 0.5986991  0.24596961 0.75012803 0.2391124  0.77055216 0.65860474
 0.6485152  0.44975293]"
18,"0             The password was memorized by the hacker.
1             The hacker was memorized by the password.
2         The computer was purchased by the instructor.
3         The instructor was purchased by the computer.
4             The distributor was tricked by the joker.
5             The joker was tricked by the distributor.
6              The thinker was depicted by the painter.
7              The painter was depicted by the thinker.
8           The disease was contracted by the marauder.
9           The marauder was contracted by the disease.
10             The captive was saved by the negotiator.
11             The negotiator was saved by the captive.
12           The assignment was blown by the operative.
13           The operative was blown by the assignment.
14              The statesman was shot by the assassin.
15              The assassin was shot by the statesman.
16         The itinerary was confirmed by the comedian.
17         The comedian was confirmed by the itinerary.
18             The graph was created by the bookkeeper.
19             The bookkeeper was created by the graph.
20              The vendor was alarmed by the arsonist.
21              The arsonist was alarmed by the vendor.
22          The trip was canceled by the archaeologist.
23          The archaeologist was canceled by the trip.
24    The president's wife was terrified by the hija...
25    The hijacker was terrified by the president's ...
26                    The worker was fired by the boss.
27                    The boss was fired by the worker.
28                  The cushion was lifted by the maid.
29                  The maid was lifted by the cushion.
30                The cousin was shocked by the genius.
31                The genius was shocked by the cousin.
32          The expert was employed by the businessman.
33          The businessman was employed by the expert.
34                       The soda was drunk by the man.
35                       The man was drunk by the soda.
36             The crop was cultivated by the villager.
37             The villager was cultivated by the crop.
38         The expression was garbled by the anchorman.
39         The anchorman was garbled by the expression.
40              The shirt was ironed by the seamstress.
41              The seamstress was ironed by the shirt.
42            The letter was sent by the cryptographer.
43            The cryptographer was sent by the letter.
44               The dancer was costumed by the tailor.
45               The tailor was costumed by the dancer.
46           The apprentice was trained by the artisan.
47           The artisan was trained by the apprentice.
48               The prison was dreaded by the convict.
49               The convict was dreaded by the prison.
Name: Sentence, dtype: object","[0.94927536 0.24637681 0.94927536 0.         0.775      0.59848485
 0.93650794 0.27777778 0.8125     0.13636364 0.91666667 0.4469697
 0.8125     0.28030303 0.93181818 0.63768116 0.80666667 0.44666667
 0.92424242 0.05797101 0.81060606 0.68253968 0.91304348 0.01388889
 0.84       0.40151515 0.94444444 0.18939394 0.98484848 0.16666667
 0.90151515 0.67391304 0.98550725 0.6875     0.91666667 0.02
 0.98611111 0.06481481 0.86363636 0.19444444 0.925      0.04
 0.85333333 0.10606061 0.74666667 0.21969697 0.92666667 0.24242424
 0.75       0.32098765]","[0.89379317 0.49052435 0.7771334  0.050093   0.65965587 0.5871064
 0.69019395 0.3739578  0.6460292  0.48412818 0.6496094  0.5502716
 0.6765968  0.38611144 0.72845083 0.69544464 0.8406176  0.4014911
 0.82910174 0.36160547 0.6703475  0.4701771  0.87655896 0.28540152
 0.6546249  0.4732433  0.8249591  0.6965732  0.898194   0.5362137
 0.664267   0.5992974  0.80346566 0.54154915 0.78373235 0.39949352
 1.1914396  0.15534943 0.7158486  0.20167631 0.97588736 0.04034525
 0.9312549  0.1676119  0.77403325 0.46383566 0.8285944  0.8319904
 0.6208954  0.46938545]"
19,"0                  The jail was feared by the criminal.
1                  The criminal was feared by the jail.
2                 The poem was recited by the bookworm.
3                 The bookworm was recited by the poem.
4             The crowd was hypnotized by the magician.
5             The magician was hypnotized by the crowd.
6       The plagiarist was admonished by the librarian.
7       The librarian was admonished by the plagiarist.
8                     The worker was fired by the boss.
9                     The boss was fired by the worker.
10             The service was rated by the cheapskate.
11             The cheapskate was rated by the service.
12                The laptop was bought by the teacher.
13                The teacher was bought by the laptop.
14    The appointment was rescheduled by the manicur...
15    The manicurist was rescheduled by the appointm...
16              The bowler was decorated by the hatter.
17              The hatter was decorated by the bowler.
18              The turkey was basted by the boyfriend.
19              The boyfriend was basted by the turkey.
20     The contestant was discouraged by the pessimist.
21     The pessimist was discouraged by the contestant.
22         The industrialist was burgled by the robber.
23         The robber was burgled by the industrialist.
24           The pop star was stalked by the paparazzi.
25           The paparazzi was stalked by the pop star.
26         The conservative was attacked by the critic.
27         The critic was attacked by the conservative.
28                 The stash was hidden by the hoarder.
29                 The hoarder was hidden by the stash.
30         The expression was garbled by the anchorman.
31         The anchorman was garbled by the expression.
32         The address was given by the representative.
33         The representative was given by the address.
34             The cadet was supervised by the colonel.
35             The colonel was supervised by the cadet.
36                The old man was shaved by the barber.
37                The barber was shaved by the old man.
38          The stockpile was concealed by the packrat.
39          The packrat was concealed by the stockpile.
40                The deer was trapped by the huntsman.
41                The huntsman was trapped by the deer.
42                    The rebel was exiled by the king.
43                    The king was exiled by the rebel.
44                   The sink was wiped by the servant.
45                   The servant was wiped by the sink.
46              The pine tree was felled by the logger.
47              The logger was felled by the pine tree.
48                The giraffe was fed by the zookeeper.
49                The zookeeper was fed by the giraffe.
Name: Sentence, dtype: object","[0.56060606 0.36666667 0.86805556 0.06666667 0.92424242 0.24637681
 0.825      0.5        0.94444444 0.18939394 0.82575758 0.5625
 0.99275362 0.         0.95679012 0.14285714 0.40277778 0.43181818
 0.86419753 0.06349206 0.93939394 0.66666667 0.875      0.22222222
 0.96       0.33333333 0.93209877 0.84027778 0.96212121 0.53472222
 0.86363636 0.19444444 0.93181818 0.08       0.9469697  0.3125
 0.99074074 0.39166667 0.82575758 0.68421053 0.95652174 0.21014493
 0.80952381 0.43939394 0.92666667 0.04666667 0.88636364 0.16666667
 0.96212121 0.06666667]","[0.51228416 0.3885874  0.67676604 0.13829428 0.9055972  0.5949765
 0.94387555 0.68250906 0.8292238  0.7363039  0.82155013 0.52314925
 0.84061563 0.05989879 0.7632824  0.2351703  0.3654549  0.57259345
 0.57138526 0.28345776 0.7298918  0.53894496 0.78509045 0.5931396
 0.74691296 0.6389499  0.65864104 0.67158425 0.8501     0.17936093
 0.7577611  0.25580263 0.8709869  0.42706174 0.90634155 0.6226913
 0.7348772  0.4479245  0.7250124  0.293231   0.83111703 0.57276386
 0.8254043  0.6262468  0.68532705 0.11603785 0.775843   0.3159626
 0.7670108  0.56908923]"
20,"0           The whistle-blower was ousted by the union.
1           The union was ousted by the whistle-blower.
2                  The paper was edited by the advisor.
3                  The advisor was edited by the paper.
4                     The noble was obeyed by the page.
5                     The page was obeyed by the noble.
6                   The tap was fixed by the repairman.
7                   The repairman was fixed by the tap.
8              The button was pressed by the attendant.
9              The attendant was pressed by the button.
10         The ballerina was attired by the dressmaker.
11         The dressmaker was attired by the ballerina.
12        The senior citizen was billed by the cashier.
13        The cashier was billed by the senior citizen.
14          The wash basin was cleaned by the domestic.
15          The domestic was cleaned by the wash basin.
16                The game was won by the poker player.
17                The poker player was won by the game.
18    The abused woman was comforted by the social w...
19    The social worker was comforted by the abused ...
20             The hostage was rescued by the mediator.
21             The mediator was rescued by the hostage.
22    The newsagent was promoted by the TV station h...
23    The TV station head was promoted by the newsag...
24       The shopkeeper was unnerved by the pyromaniac.
25       The pyromaniac was unnerved by the shopkeeper.
26          The conqueror was imitated by the deceiver.
27          The deceiver was imitated by the conqueror.
28               The souvenir was lost by the traveler.
29               The traveler was lost by the souvenir.
30           The cash was squandered by the prostitute.
31           The prostitute was squandered by the cash.
32        The triumph was promised by the ship captain.
33        The ship captain was promised by the triumph.
34        The specialist was hired by the entrepreneur.
35        The entrepreneur was hired by the specialist.
36            The clergyman was cherished by the nomad.
37            The nomad was cherished by the clergyman.
38          The participant was dissuaded by the cynic.
39          The cynic was dissuaded by the participant.
40                   The company was run by the tycoon.
41                   The tycoon was run by the company.
42               The door was unlocked by the deckhand.
43               The deckhand was unlocked by the door.
44         The conservative was attacked by the critic.
45         The critic was attacked by the conservative.
46                 The mission was failed by the agent.
47                 The agent was failed by the mission.
48              The attacker was located by the sleuth.
49              The sleuth was located by the attacker.
Name: Sentence, dtype: object","[0.92592593 0.73809524 0.84027778 0.17361111 0.57575758 0.44202899
 0.91333333 0.04       0.97727273 0.05555556 0.92028986 0.27083333
 0.9        0.30555556 0.67333333 0.13636364 0.97530864 0.09722222
 0.9469697  0.38666667 0.9375     0.29012346 0.95238095 0.4375
 0.72666667 0.64393939 0.67424242 0.56060606 0.84848485 0.04666667
 0.83333333 0.21527778 0.74074074 0.2        0.95       0.65277778
 0.6984127  0.70138889 0.74074074 0.74242424 0.87037037 0.12878788
 0.94927536 0.04320988 0.93209877 0.84027778 0.89166667 0.1969697
 0.75757576 0.61363636]","[0.5933908  0.56502354 0.7431582  0.31613624 0.5498462  0.6280234
 0.9830049  0.14447916 0.8050008  0.23906851 0.68521667 0.29136264
 0.920931   0.65736544 0.64971244 0.10124624 0.7989272  0.20889032
 0.94389737 0.7556263  0.7597393  0.6522187  0.57696354 0.50194204
 0.70468175 0.6779126  0.58926773 0.68957245 1.0907973  0.4328426
 0.89035213 0.33195293 0.7666954  0.07382083 0.9427732  0.6712254
 0.5507053  0.6900631  0.8726145  0.8409358  1.0539857  0.4577732
 0.6707432  0.0751828  0.70367634 0.67552745 0.705078   0.35194933
 0.9586363  0.5857743 ]"
21,"0                  The mission was failed by the agent.
1                  The agent was failed by the mission.
2              The marketer was duped by the prankster.
3              The prankster was duped by the marketer.
4            The cash was squandered by the prostitute.
5            The prostitute was squandered by the cash.
6                    The sink was wiped by the servant.
7                    The servant was wiped by the sink.
8              The lad was instructed by the governess.
9              The governess was instructed by the lad.
10    The tobacconist was cautioned by the environme...
11    The environmentalist was cautioned by the toba...
12                The cousin was shocked by the genius.
13                The genius was shocked by the cousin.
14               The door was unlocked by the deckhand.
15               The deckhand was unlocked by the door.
16              The recluse was taunted by the windbag.
17              The windbag was taunted by the recluse.
18           The pop star was stalked by the paparazzi.
19           The paparazzi was stalked by the pop star.
20             The estate was inspected by the sheriff.
21             The sheriff was inspected by the estate.
22                The old man was shaved by the barber.
23                The barber was shaved by the old man.
24            The cure was discovered by the scientist.
25            The scientist was discovered by the cure.
26                    The bag was packed by the marine.
27                    The marine was packed by the bag.
28        The apartment was redecorated by the copycat.
29        The copycat was redecorated by the apartment.
30        The beverage was requested by the adventurer.
31        The adventurer was requested by the beverage.
32                  The tap was fixed by the repairman.
33                  The repairman was fixed by the tap.
34              The shirt was ironed by the seamstress.
35              The seamstress was ironed by the shirt.
36    The newsagent was promoted by the TV station h...
37    The TV station head was promoted by the newsag...
38            The alcohol was provided by the overseer.
39            The overseer was provided by the alcohol.
40           The plant was watered by the house sitter.
41           The house sitter was watered by the plant.
42             The story was abandoned by the reporter.
43             The reporter was abandoned by the story.
44           The medicine was swallowed by the patient.
45           The patient was swallowed by the medicine.
46     The contestant was discouraged by the pessimist.
47     The pessimist was discouraged by the contestant.
48                The rioter was restrained by the cop.
49                The cop was restrained by the rioter.
Name: Sentence, dtype: object","[0.89166667 0.1969697  0.92753623 0.70666667 0.83333333 0.21527778
 0.92666667 0.04666667 0.90833333 0.34       0.83333333 0.42361111
 0.90151515 0.67391304 0.94927536 0.04320988 0.51449275 0.47333333
 0.96       0.33333333 0.92666667 0.20634921 0.99074074 0.39166667
 1.         0.05833333 0.87121212 0.00757576 0.63636364 0.11363636
 0.85606061 0.02777778 0.91333333 0.04       0.925      0.04
 0.95238095 0.4375     0.7826087  0.02173913 0.96       0.04166667
 0.93055556 0.11111111 1.         0.03623188 0.93939394 0.66666667
 0.98148148 0.46825397]","[0.6007482  0.27148387 0.7574371  0.68513507 0.82362974 0.2872166
 0.7890068  0.1922265  0.7606238  0.47333825 0.5590373  0.7463748
 0.6875206  0.64773583 0.7102143  0.08272094 0.26299    0.32950908
 0.92328763 0.7004372  0.9773214  0.23595673 0.7992924  0.5264347
 1.1121438  0.27304983 0.6987753  0.17174906 0.69979966 0.20533848
 0.7227833  0.32395756 0.97754943 0.13192642 1.0709991  0.00192755
 0.59529376 0.46058047 0.76915467 0.31900537 0.77334887 0.26596165
 0.84458184 0.19581038 0.7323259  0.22723132 0.77380514 0.55874187
 0.87802386 0.7255935 ]"
22,"0                  The trainer was defied by the biker.
1                  The biker was defied by the trainer.
2                  The girl was spanked by the au pair.
3                  The au pair was spanked by the girl.
4               The bowler was decorated by the hatter.
5               The hatter was decorated by the bowler.
6                 The pipe was smoked by the crackhead.
7                 The crackhead was smoked by the pipe.
8     The tobacconist was cautioned by the environme...
9     The environmentalist was cautioned by the toba...
10             The button was pressed by the attendant.
11             The attendant was pressed by the button.
12           The liquor was supplied by the supervisor.
13           The supervisor was supplied by the liquor.
14           The kid was reprimanded by the headmaster.
15           The headmaster was reprimanded by the kid.
16                     The baby was coddled by the dad.
17                     The dad was coddled by the baby.
18           The apprentice was trained by the artisan.
19           The artisan was trained by the apprentice.
20              The guest was hassled by the alcoholic.
21              The alcoholic was hassled by the guest.
22               The prison was dreaded by the convict.
23               The convict was dreaded by the prison.
24              The coach was disobeyed by the cyclist.
25              The cyclist was disobeyed by the coach.
26    The firefighter was rewarded by the police chief.
27    The police chief was rewarded by the firefighter.
28          The property was examined by the constable.
29          The constable was examined by the property.
30     The seaman was undercharged by the streetwalker.
31     The streetwalker was undercharged by the seaman.
32            The widower was treated by the urologist.
33            The urologist was treated by the widower.
34        The senior citizen was billed by the cashier.
35        The cashier was billed by the senior citizen.
36        The triumph was promised by the ship captain.
37        The ship captain was promised by the triumph.
38                 The tenant was evicted by the owner.
39                 The owner was evicted by the tenant.
40       The first lady was petrified by the terrorist.
41       The terrorist was petrified by the first lady.
42                  The ornament was hung by the uncle.
43                  The uncle was hung by the ornament.
44      The bystander was interrogated by the attorney.
45      The attorney was interrogated by the bystander.
46          The disease was contracted by the marauder.
47          The marauder was contracted by the disease.
48            The suit was wrinkled by the interviewee.
49            The interviewee was wrinkled by the suit.
Name: Sentence, dtype: object","[0.61111111 0.68       0.74666667 0.36805556 0.40277778 0.43181818
 0.93055556 0.02083333 0.83333333 0.42361111 0.97727273 0.05555556
 0.73015873 0.00757576 0.90909091 0.25362319 0.97619048 0.15740741
 0.92666667 0.24242424 0.86111111 0.75       0.75       0.32098765
 0.82407407 0.39166667 0.84090909 0.68181818 0.88333333 0.12
 0.49275362 0.43478261 0.86       0.29861111 0.9        0.30555556
 0.74074074 0.2        0.97222222 0.         0.88       0.46212121
 0.89333333 0.04       0.85185185 0.55797101 0.8125     0.13636364
 0.76515152 0.22222222]","[ 0.5203837   0.4717151   0.77153087  0.6462003   0.3879913   0.694216
  0.80973387  0.40159595  0.53473663  0.7294396   0.80677223  0.09679902
  0.69626355 -0.05306697  1.0128231   0.42665052  0.71039367  0.3906684
  0.76612926  0.66977036  0.64258397  0.69487226  0.6875255   0.37529027
  0.6863563   0.7671721   0.8266392   0.33721554  0.96123624  0.21549654
  0.6869134   0.7767571   0.7698604   0.38086736  0.91940117  0.58277667
  0.82755136  0.04607487  0.5957198   0.60051835  0.45496535  0.3268634
  0.81656027  0.12986815  0.802361    0.65853405  0.8280077   0.356202
  0.88168     0.28141809]"
23,"0              The filmmaker was pestered by the fan.
1              The fan was pestered by the filmmaker.
2              The money was wasted by the call girl.
3              The call girl was wasted by the money.
4           The widower was treated by the urologist.
5           The urologist was treated by the widower.
6      The senator was threatened by the blackmailer.
7      The blackmailer was threatened by the senator.
8     The plagiarist was admonished by the librarian.
9     The librarian was admonished by the plagiarist.
10           The painting was inherited by the count.
11           The count was inherited by the painting.
12            The priest was revered by the vagabond.
13            The vagabond was revered by the priest.
14         The trashcan was emptied by the fisherman.
15         The fisherman was emptied by the trashcan.
16       The address was given by the representative.
17       The representative was given by the address.
18     The enthusiast was disappointed by the singer.
19     The singer was disappointed by the enthusiast.
20      The apartment was redecorated by the copycat.
21      The copycat was redecorated by the apartment.
22           The thinker was depicted by the painter.
23           The painter was depicted by the thinker.
24           The graph was created by the bookkeeper.
25           The bookkeeper was created by the graph.
26              The banner was raised by the soldier.
27              The soldier was raised by the banner.
28             The message was erased by the bellboy.
29             The bellboy was erased by the message.
30           The concert was attended by the groupie.
31           The groupie was attended by the concert.
32           The estate was inspected by the sheriff.
33           The sheriff was inspected by the estate.
34          The baguette was sliced by the Frenchman.
35          The Frenchman was sliced by the baguette.
36          The table was tidied by the receptionist.
37          The receptionist was tidied by the table.
38            The guest was hassled by the alcoholic.
39            The alcoholic was hassled by the guest.
40            The pill was taken by the convalescent.
41            The convalescent was taken by the pill.
42        The trip was canceled by the archaeologist.
43        The archaeologist was canceled by the trip.
44    The beginner was supported by the professional.
45    The professional was supported by the beginner.
46             The infant was pampered by the father.
47             The father was pampered by the infant.
48               The stash was hidden by the hoarder.
49               The hoarder was hidden by the stash.
Name: Sentence, dtype: object","[0.97222222 0.5        0.9057971  0.05769231 0.86       0.29861111
 0.91358025 0.63888889 0.825      0.5        0.72222222 0.12878788
 0.78787879 0.41666667 0.86231884 0.02       0.93181818 0.08
 0.83333333 0.67283951 0.63636364 0.11363636 0.93650794 0.27777778
 0.92424242 0.05797101 0.96666667 0.09090909 0.83333333 0.02469136
 0.9375     0.12121212 0.92666667 0.20634921 0.99305556 0.06060606
 0.94202899 0.09333333 0.86111111 0.75       0.75757576 0.05797101
 0.91304348 0.01388889 0.90151515 0.61805556 0.94927536 0.05072464
 0.96212121 0.53472222]","[0.6676824  0.55528045 0.8973272  0.3321252  0.8060231  0.2974248
 0.8354647  0.72231174 1.0290871  0.70064116 0.6672015  0.42000842
 0.6497426  0.7520232  0.8401811  0.10417485 0.7736895  0.24792624
 0.8196306  0.684602   0.6935966  0.09655881 0.6026094  0.23283505
 0.77905345 0.08911681 0.8580239  0.05289006 0.8458202  0.28828406
 0.9350352  0.11262369 1.0101049  0.30026817 0.7436886  0.09317899
 0.7036762  0.13188362 0.7111702  0.6352339  0.70565844 0.10166192
 0.97043467 0.26493907 0.61602426 0.4784801  0.66290545 0.39966154
 1.0470116  0.44639754]"
